Baron-Voght-Str. 50, Hamburg
2295 Saint-Marc Street and 1805 Sherbrooke Street West
Hayes UB4 0RG
Castlemorris, Haverfordwest, Pembrokeshire SA62 5UU
Kingston Square
Am Karlstor 1,Heidelberg,Baden-Württemberg
Büyük Postane Cad. 25
Stephenson Street
24–30 Marine Parade, BN2 1WP
Tsuen Wan Pier,Tsuen Wan
301 North Vermont Avenue
418 E. Sharp St.
1300René Lévesque Blvd. W.
Lung Wo Road × Tim Wa Avenue,Admiralty
45 Mary Street
4780 E 3rd Street, East Los Angeles
St John's Road,Dublin 8
Khovrino District,Northern Administrative Okrug
Lung Cheung Road×Tai Hom Road,Diamond Hill
47 Eyre Lane
Pendigo Way, TheNEC Birmingham
Station Approach Road
Hatfield, Pretoria, Gauteng, 0083
1 LOHAS Park Road,LOHAS Park,Tseung Kwan O
Circusstraat 4, 2586 CW
*
401 South 3rd Street
,
AsiaWorld–Expo, Airport Expo Boulevard,Chek Lap Kok,Lantau Island
Pipers Row,Horseley Fields,Wolverhampton
1855 West Mall, UBC, Vancouver
1241 Kotohira-chō, Nakatado District, Kagawa Prefecture
In theMandarin Oriental, New Yorkhotel, on the 35th floor of 80Columbus Circle(West60th StreetatBroadway), inManhattan
Via Balbi, 10
1 Lake Street
37, Riverwalk - Vacoas
163 Civic Boulevard
1831 SW Park Avenue
17-29 Hawley CrescentLondonNW1 8TT
Orchard Street, SA11 1DU
Baths Road,Longton, Staffordshire
Bridlington Spa Theatre and Royal Hall
Galway
3901 Lankershim Boulevard
21385 Nordhoff Street, Chatsworth, CA
121 Stirling Terrace
Şenlikköy Mah.,  Orman Sokak 8
1930 Pomeroy Av, Los Angeles 90033
350 1/2 W Slauson Ave
80Spring Street(betweenBroadwayand Crosby Street) inSoHoinManhattan
BromboroughRoad, Wirral, CH63 3JW
Olympic Green,Chaoyang District
Tekstilshchiki District,
Salt River Road, Salt River, Cape Town, 7925
22 000Saint-Brieuc
San Wan Road,Sheung Shui
500 South Hill Street
Mim Kemal Öke Caddesi 21
Sha Tin Racecourse,Tai Po Road — Sha Tin,Fo Tan
Goniana Road, Opposite Lake No. 3
316 E. 5th St.
104 Stirling Terrace
60 Kingdon Street
660 South Alvarado Street
20 Hunter Street
2101 Bundy Drive
151,Boulevard Saint-Germain
Mexico City
Fili-Davydkovo District
11611 Willowbrook Avenue
Silver Street
Plaza del Polvorista, 4
1019-1023 Fair Oaks Ave. South Pasadena, California
49000Angers
Dame St,
Avenue de la Rangue
Shankill
Derriaghy
Maryina Roshcha District
Princes Highway,Bombo
Billingham, TS23 1PY
Ursprungstrasse 4
Brusand,Hå
220 Lakeville Street
Lin Cheung Road×Cherry Street,Tai Kok Tsui
Römerstr. 33, 76669Bad Schönborn,Baden-Württemberg, Germany
5800 Cedar Avenue SouthMinneapolis,Minnesota
Eerikinkatu 13, 20100
Mosney
6338-6340 N Balboa Blvd, Los Angeles
56 Cathedral Square
46 North Orange Avenue
Pall Mall
Nezahualcóyotl,State of Mexico
Burnley
Jenisch Park
Ostankinsky District
Dorchester Street,Bath, Somerset
place de la Gare
95600 Eaubonne
José P. Laurel Street,
510 SW Hall Street
Gussarvsgatan 10
Kwai Yan Road,Kwai Chung
The Dalles, Oregon
High Street, Southampton
230 North Front Street
317 East Fifth Street
767 East Washington Boulevard
228 East Holmes Avenue
Broadway
Fort
445 Swanston Street
Quay,Waterford
Queens Walk,Reading, Berkshire, United Kingdom, RG1 7UA
High Ashurst Outdoor Education Centre, Headley Lane, Mickleham,Dorking,SurreyRH5 6DQ
Lung Cheung RoadnearWong Tai Sin Centre,Wong Tai Sin
Bearwood Road,Smethwick
1050 Murphy Ave SW
Cebrail Mah., 10 Aralık Cad. 24/1
Rue des Mathurins
500 W. 52nd Street, 4th Floor
97 Church Street
Playhouse Square
2 Bellevue Road
1 Redmond Square,Wexford
Culver City CA 90232
Tower Street
621 North Main Street
Hardstraße 1, 69124Heidelberg-Kirchheim,Baden-Württemberg, Germany
Trooperslane
Tulketh
WRL:Lai Chi Kok Park,Lai Chi Kok
800 Pine Street
Old Montreal
129 Southwest Broadway
Gateforth Street
Downpatrick
1651 Pennsylvania Ave NW
Vnukovo District,Western Administrative Okrug
Presnensky District
Park Lane, Croydon
15 rue Blanche
Eisenbahnstr. 40, 77855Achern,Baden-Württemberg
Liverpool,
Quay Street
1881 Post Street
Cheapside,Oldham
Epifanio delos Santos AvenueCor.Quezon Avenue
On Fu Road,Tai Po
Arbat District
Dalton's Bastion, Madeira Drive
31Neal Street
Clarendon Heights
1535 Broadway
1462 14th Avenue
West Cott Road,Royapettah
21 and 22Fawcett Street
363 Copa De Oro Rd,Los Angeles, CA90077
Ave. Sarasota #1169
2885 Northeast Sandy Blvd.
Ontario, P0C 1J0.
Blackrock
Tottenham Court Road
5150 E Pomona Blvd, East Los Angeles
12845102 Avenue
Badgen Road,Birkdale
South-Eastern Administrative Okrug
St. James Barton
Downham Market Leisure Centre
St Andrews
Long Beach, CA  90813
18 Oi Yin Street, Aldrich Bay
1303 NE Fremont Street
47-51 Great Suffolk Street,Southwark, London, SE1 0BS
Singapore 539536
308Edward Street, Brisbane,Queensland, Australia
Meshchansky District,
235 S. Columbus Drive
6 Karmelicka Street
5450 Hollywood Boulevard
Haymarket
Intersections betweenHigh Street,Central StreetandThird Street,Sai Ying Pun
Dún Laoghaire
100 Queen's Gate
Dublin 2
Los Angeles, California
511 NW Couch St
Osenny Boulevard
805 S.E. 122nd Avenue
18th. Paris
11, Rani Rashmoni Avenue
Moor Lane
Long Beach, CA  90802
Rathbone Place
Corso Vittorio Emanuele II, 8
Dundalk, Carrick Road
3325 Grand Avenue
Long Beach, CA  90806
222 West 51st Street
Longford
Rua Barão da Gamboa 158-160, Santo Cristo
Piazza Maurizio Bufalini, 1
Southampton, SO14 0PZ
,Moscow
Maratha Mandir Marg,RBI Staff Colony
Druidston
Welford Place
Forbach,Moselle
Bondgate Without
Union Street,Wakefield
120,boulevard de Rochechouart,
Bridgetown
421–439 NW 3rd Avenue
Dallas, Texas75201
Pekan Simpang Lima
2001 H Street
7225 Graham AvenueLos Angeles, CA 90002
600 E. Grace St.
609 1st Avenue North
1500 North Vermont Avenue
ITV Central
320 E 6th St
10-12 rue Pigalle
39 High Street,Carshalton, SM5 3BB
2510 S Sepulveda Blvd
North High Street
95 Portsdown Road
Upton Lane,
Oxford Road, Birkdale
Nathan Road×Argyle Street,Mong Kok
Ancol, Pademangan,North Jakarta
Dharangaon, Maharashtra, Pincode 425105
MK10 9RU
Sutton
11, rue Jean-Poulmarch
1 Clarence Street, Richmond,
Bilkent UniversityCampus,Bilkent
Kleine Schönbuschallee 1
Arakkonam,Tamil Nadu
1500 Guerneville Road
Main St & 1st Ave,Melville,SK
Strand,Westminster
Great Victoria Street
Balkerne Gate
1, place Charles Dullin, 18th. Paris
46Bowery
Avenue Bouvier
4850 Colorado Avenue, NW
Wardour Street
Pratiksha Nagar,Sion, Mumbai
512 N. Killingsworth Street
Santa Rosa-Tagaytay Rd
1236 South Flower Street
2200 Central Avenue Northeast
Altwood Road
Bedford,Bedfordshire
Rosslare
11603 South Vermont Avenue
Ramenki District,Western Administrative Okrug
Chak Cheung Street,Ma Liu Shui
Compton, CA  90220
119 South Street
184 Stirling Terrace
208 West Market Street
Foreshore Road
Wellington Street
Upper Street
Cobh
15 - 17 Mansfield Street, Rozelle
Andheri
117 North Park Square
112 Macquarie Rd, SPRINGWOOD, NSW 2777
Cuauhtémoc,Mexico City
65 Martin Luther King, Jr. Drive SE
35 East 76th Street (atMadison Ave), on theUpper East Side, inManhattan
Calle Marco Avellaneda y San Martín,San Miguel de Tucumán
Khamovniki District
Khamovniki District,
64 - 84 Chisenhale Road, London, E3 5QZ
17-19 Great Windmill Street
50 Ferensway, Hull, HU2 8LB
Derry
Ballyfermot
328Lenox Avenue
Hakata-ku
Bhusawal, Maharashtra, PIN 425201
Gas Street
BetweenKwun Tong RoadandNgau Tau Kok Road,Ngau Tau Kok
3191 Wilshire Boulevard
51 Lucknow Avenue
Hockenheim,Baden-Württemberg, Germany
34–38 Stirling Terrace
20851-20901 Victory Blvd, Los Angeles
340 N Lake Avenue, Pasadena
Theatre Square
1836–1858 Middle Huaihai Road
Fleet Street, Fremantle
Bahnhofstr. 29,Meckesheim,Baden-Württemberg
Shaftesbury Avenue
400 W. 4th St.
東京都中央区日本橋浜町二丁目31番1号
20 Bell Street
Ballycarry
1650 Broadway(at 51st Street)
Piazza Duca Federico
Rozhdestvenka Street
45Spring Street(on the corner ofMulberry Street), inNoLitainManhattan
Great Newport Street
Carrera 48 No. 54 - 20
Christchurch
5Komsomolskaya Square, Moscow,Russia
6838Hollywood Boulevard
WC1V 6BS
Sector 1
707 Southeast 12th Avenue
6 South Joachim Street
10 Reavell Place IP2 0ET
Church Road
400 SE 12th Ave (2008–2015)
Lilac Street, Gardenia Park
Graces Alley,Cable Street
Place du 11 Novembre 1918, Dinan
115 Stirling Terrace
7800 Beverly Boulevard
Gut Krummbek 3
Bahnhofstraße 5,Bad Rappenau,Baden-Württemberg
1 La Avanzada Drive
Los Angeles, CA 90057
Westlea,
Columbus, Ohio 43215
Kent, TN11 9AN
Lei Yue Mun Road,Lam Tin
303 Deansgate
6380-6381 N Woodley Ave, Los Angeles
Unit 3104
Muine Bheag
Birmingham
Koninklijk Park 1
Henley Road,Steenberg7945
325 W Gaines St
Long Acre,Covent Garden
661 W Exposition Boulevard, University Park, Los Angeles
No. 2, Weng Lane
2101 Southwest 8th Street
Eisenbahnstr. 35,Spaichingen,Baden-Württemberg
31, rue de la Gaîté,
The Esplanade
Intersection betweenKing's RoadandCauseway Road,Causeway Bay
69 President Street
Queen Street
Williamson Square
ROCHDALE
Corporation Street
Gormanston
Herengracht 542-556
Peacocks Centre
Victoria, London,
226 Northwest Davis Street
12 St Giles',Oxford, OX1 3JS
33 Rolleston Avenue
6High Street, Fremantle
1494 Second Avenue at 78th Street,Manhattan, New York City
2-121 Chizu, Chizu-machi, Yazu-gun, Tottori Prefecture, Japan 689-1402
Laytown
15430-15432 W Erwin St, Los Angeles
Mitinskaya Street
Broom Road, Teddington, Greater London, United Kingdom
St. Louis, MO 63112
Bahnhofstr. 2,Bad Krozingen
Market Place,Pudsey
Ave. Eugenio Garza Lagüera & Ave. David Alfaro Siqueiros, Col. Valle Oriente, San Pedro Garza García, N.L.
200 N. 5th St.
Compton Street
3 Pier Street
Linjiang Avenue
221 South Palm Canyon Drive
21000Dijon
Gujarat
Orhanlı, Orta Mah. Üniversite Cad. 27
Wong Chuk Hang
East Bridge Street,Belfast
Ballyhaunis
Barra da Tijuca
The fourth floor of theTime Warner Centerat 10Columbus Circle(at West 60th Street and Broadway) inManhattan
30B Grindlay Street
Sha Tin Station Circuit/Pai Tau Street,Sha Tin
401 East 73rd Street (between First Avenue and York Avenue), on theUpper East SideinManhattan
Kennington Oval
Abbey Lane
1143First Avenue(between East 62nd Street and East 63rd Street), on theUpper East SideinManhattan
HarbiyeGümüş Cad. 3
Dionysiou Areopagitou Street
Krasnaya Presnya Street
903Madison Avenue(betweenEast 72nd Streetand East 73rd Streets), on theUpper East Side, inManhattan
NearChun Shek Estate,Che Kung Miu Road,Tai Wai
Tung Wui Road,Kam Tin
Philadelphia PA 19104-6311
Othmarschen
Petropavlovskaya st. 25A
LA1 1NL
26Kiseleff Road
4120 N. Williams Avenue
7 avenue Pablo Picasso
Kilkenny
Halifax Place
Stirling Terrace
149 N Halstead, Pasadena
200 N Alameda St, Los Angeles
Suffolk Road×To Fuk Road,Kowloon Tong
Paris,Île-de-France,France
391 Dereham Road, Norwich NR5 8QJ.
Babbacombe
St. John Street
Place de la Station
5401 Cass Avenue
Piazza della Repubblica, 47
Los Angeles, California 90036
Border Road,Lok Ma Chau
Castle Shannon, PA
Catherine Street
Fantasy Road,Penny's Bay,Lantau Island
Coleraine
Thomastown
6 Eustace Street
Constitution Hill, Norwich
North Atherton Street, University Park, PA, 16801
400 108th Avenue NE
Los Angeles, California 90028
corner Kilmore and Durham Streets,Christchurch, New Zealand
5370-5371 Laurel Canyon Blvd, Valley Village, Los Angeles
Eagle Farm Road,Pinkenba
20254 Hamburg
281Queen's Road East
146–148 William Street
NH 46,Ambur,Vellore,Tamil Nadu
EastStrand(Aldwych)
67000Strasbourg
4614 NorthLincoln Avenue
231 Stuart Street (corner of Moray Place and Upper Stuart Street)
5932 Southeast 92nd Avenue
3600 Philadelphia Pike
8024 Max Blobs Park Rd.
Central Valley Highway
Earlham Street,Seven Dials
128 West First Street
1315 S. B Ave.
Zamoskvorechye District
St Nicholas Hospital,Gosforth
* square de l'Opera-Louis-Jouvet
2044 NW Market Street
香川県仲多度郡琴平町乙１２４１
San Miguel,Manila
Timiryazevsky District
Dovecot Street, TS18 1LL
Avenida de Guimarães, no.95-179
Royal Parade
438 Main Street
Jalan Kali Anyar X,Jakarta
Jermyn Street
Cultra(Holywood)
100 Hanover Street
687Pine Avenue
Kuwait
Moscow,
Hazelhatch,Celbridge
2, rue Porte-de-Diane
Newport NewsVA23606
Ulitsa Gagarina
Marlborough Gate
Rohanpur,Gomostapur
London,SW1
254 West 54th Street, Cellar
101 South Hill Street
2065 Old Page Mill Road, Palo Alto, California
Southeast corner of Bluff Springs Road & Nelms Drive
Beeston, Nottingham
92-98 Roe Street
854 Colombo Street
1 rue Joseph Le Brix
Yaza Htarni Road, Zeyatheiddhi Ward,Zabuthiri Township
corner Ave. Núñez de Cáceres
Novo-Peredelkino District,Western Administrative Okrug
Devon
2020ACrescent Street, 19 Ste Catherine E., 8000 Henri-Bourassa E., 1601 Daniel Johnson, 3980 St Jean Blvd.
Private residence: 2 Phillips Street
Between Acacia Street and Lamington Avenue,Eagle Farm
13100 Aix-en-Provence
336 West 20th Street
East Riding of Yorkshire
918 Granville Street
45 bis rue Richard-Lenoir,11th arrondissement
Corner of N.W. 23rd Avenue and N.W. Thurman Street
The Hawthorns,West Bromwich
1401 Third Street
Bridlington
HaYarkon96
Northgate Road,NorthgateRH10 1YD
260King StreetWest
57 N. Main St
21 Bulim Drive
Frederiksberg Allé,Frederiksberg
Solntsevo District,Western Administrative Okrug
Houston,Texas77002
1200 12th Avenue South
Am Grünen Gitter 3
450 Massachusetts Avenue
Stourport-on-Severn, Worcestershire DY13 0TA
2403 Flora Street
500 West Kilbourn Avenue
4417, Chemin Royal, Sainte-Famille, Québec, G0A, Canada
536 Duluth Street East
111-113 Stirling Terrace
455 South Orange Ave
Parnell Centre,Parnell Street
Castle Hill
1307Third Avenue(between East 74th and East 75th Street), on theUpper East SideinManhattan
Inner Circle
Blythe Road
199 Chambers Street
2226 East El Segundo Boulevard
Blakesley Road,Yardley
21 Duke Street, Dublin 2, Ireland
Bagnall Street
581 Orchard Road
Cleveland
2403Grand Concourse
Sheffield Road
32 Corn Street
Almshouses, Castle Street
Marlborough Street,Bristol
near M1 Junction 14
111–113 Manners Street
8 Russell Road IP1 2BX
cnr. Arcadia and Grosvenor Streets
10, First Avenue, Garrick Residential Estate, Siluko Road
Thao Dien,District 2
Firestone Park, CA  90002
3067 Whitehaven Street NW
Gustavo A. Madero,Mexico City
Los Angeles CA 90016
Bubenské Nábřeží 306/13, 7-Holešovice
A-6020 Innsbruck
34 Fairmount Avenue West
542, rue Auguste Broussonnet 34000Montpellier
Südtiroler Platz 7
1702 18th St
Panton Street
Bahnhofstr. 17, 79669Zell im Wiesental,Baden-Württemberg
Holywood
cnr. Empire Road and Melle Street,Parktown
Bahnhofstr. 1,Schwäbisch Hall,Baden-Württemberg
Newington Causeway
62 Russell Street,Sheffield, S3 8RW
1151 Huntington Avenue
Manchester
Union Square,West Kowloon
Kopernik Street 8
Rue des Fontinettes, Calais
Piper Drive,Dunmore
Basler Str., 79576Weil am Rhein,Baden-Württemberg
70 N Harvard St
1100 Pittsford-Victor RoadPittsford, NY 14534
John Mackintosh Square
corner Armagh andColombo Streets,Christchurch, New Zealand
Cha Kwo Ling Road,Yau Tong
12 East 12th Street (betweenFifth AvenueandUniversity Place), inGreenwich VillageinManhattan
Bangor
L25 7SA
Kwun Tong RoadnearTelford Gardens,Kowloon Bay
1027 Flatbush Ave
Babushkinsky District
Tak Man Street × Hung Hom Road,Hung Hom
10 av. des déportés de la Résistance
2138 Michigan Avenue
5357 Lankershim Boulevard
Sea road
400 First Street SE
Chorlton Street,Manchester, M1 3JF
Amalner, Maharashtra, Pincode 425401
Bahnhofstr. 5,Villingen-Schwenningen,Baden-Württemberg
Amir Abad - Yusef Abad
Krylatskoye District
226Rue de Rivoli
126 Cashel Street
265 Harmony Rd N
YO61 4AD
2337 E. Burnside Street
Cheung Tung Road× Tat Tung Road,Tung Chung,Lantau Island
BoulevardÉdouard Herriot, 82000Montauban
25 Francis Street, Perth
34 200Sète
3801 Civic Center Drive
Amherst, Massachusetts01003
Yasenevo District
BetweenYin Lai Courtand Yeung King House,Lai King Estate,Kwai Chung
The Leas
Altıntepsi Mah. Ferhatpaşa Çiftliği Mevkii Çiftlik Caddesi.
Paseo de la Reforma222,colonia Juárez
16-19 Upper O'Connell Street
5100 Old 66
3428Exposition Boulevard, Los Angeles
Novoslobodskaya Street
194–198 Manchester Street
2090Atwood Avenue
Marine Drive, Black Rock,BrightonBN2 5TN
Los Angeles, CA  90004
Los Angeles, CA  90005
308 West Main Street
Panagal road,Thiruvarur,Thiruvarur District,Tamil Nadu
Woollards Way, BRIGHTON BN1 9BP
435 East 52nd Street
815 V St., NW
Railway Avenue,Minnamurra
No.237, Zhongshan East Road
10 Boulevard Montmartre - 9 rue de la Grange-Batelière
Lenin Street, 326
Puddle Dock
Lagja Nr: 2, Square Liria
39 Conestoga Road
England, United Kingdom
Bahnhofstr. 15,Eislingen,Baden-Württemberg
Tübingen,Baden-Württemberg
Central Business District
Çırağan Caddesi 32
Mittelhart 1,Deißlingen,Baden-Württemberg
1831 E 1st St, Boyle Heights, Los Angeles
123Stirling Terrace
TWL: Mount Sterling,Mei Foo Sun Chuen,Lai Chi Kok
Novokosino District
2355 Chestnut Street
2, rue de Viarmes
39 Downing Street (between Bedford Street andVarick Street), in theWest VillageinManhattan
Piazzale della Libertà
933 Regional Road 3
5 Hormusji Street,Colaba
Turnpike Lane
Westborough
Pyatnitskoye Highway
Moira,County Down.
653S. Saginaw St.
Khoroshyovsky District
San Francisco,California
6300Hollywood Boulevardor 1645Vine Street
Hawthorne, CA  90278
1641 E. 79th Street
Portrush
318 W. Fourth Street
Viale Zagabria, 1
2037 Quail Dr.
Neuer Bahnhof 1,Eutingen im Gäu,Baden-Württemberg
276 Santolan Road,San Juan, Metro Manila
Strode College, Church Road
28 Crichton Street
Stratford Road, Hounslow, London, TW6 3XA
Aviamotornaya Street
Railway Parade,Kiama
Sunny Bay Road,Yam O,Lantau Island
Caton Road
Passeig de Vara de Rey 2
1515 Broadway
19 rue de Surène
Railway View Road,Clitheroe
East ofSiu Hong Court,Tuen Mun
97 Church Street, Blackpool, FY1 1HL
Viale Douhet, 81100 Caserta CE, Italy
37th and O Streets NW, Washington, DC 20057
Dorogomilovo District,Fili-Davydkovo District
112J C Road,Bangalore
3775 Wilshire Boulevard
Preobrazhenskoye District
1 place Salvador-Dalí
Lancaster
Lefortovo District
242 Shepherd's Bush Road
Kingston House, Bond Street,  HU1 3ER
200 North Rollins Road (BART)
Rizhskaya Square
1st arrondissement of Paris
Venustiano Carranza,Mexico City
KrasnogorskCity Okrug
Ongar
Westgate Street
29 Campbell Street, Hobart 7000
Ciudad Nezahualcóyotl,State of Mexico
Nottingham
130 East Walnut St.
Black Diamond Square, Commercial Road
Kwok Shui Road Park,Castle Peak Road — Kwai Chung,Tai Wo Hau
143 Stirling Terrace
Junction of OMR (NH 4) andOuter Ring Road, Krishnarajapuram
Willowbrook, CA  90059
Bunker Road,Victoria Point
Princes Way, Aldershot
7700Décarie Boulevard
3–4Coventry Street
Railway Drive
Birmingham city centre
267 Slater Avenue
41 Hereford Street
95 Fillmore Street, Pasadena
560 32nd Street
100 S. Main St.
Bahnhofstr.,Welver,North Rhine-Westphalia
Ap Lei Chau
Avenida Ipiranga, 1284, Centro
300 N Pine St.
Kingsway,HoveBN3 2WJ
7,Jawaharlal Nehru Road
Metro House,
Corner of Leicester and Pelham Streets, Carlton
2 Salvado Street
Dmitriya Donskogo Boulevard
210 West 46th Street
129East 18th Street(corner ofIrving Place)
BoulevardGuy Mollet,Nantes
NearTai On Building,Shau Kei Wan Road,Sai Wan Ho
29 Wellington St.
Brateyevo District,
East Cliff
No.2 Blaise Hamlet
1945 Long Beach Avenue
Bahnhofstraße 1,Kirchheim am Neckar,Baden-Württemberg
Jalan Karya Barat 1 Ujung,Jakarta
Karnataka
1 Western Terrace, Falmouth
Dallas Arts District
66 Witherspoon St.
Village Saifdipur, Behind Punjabi University
1311 East 1st Street, Boyle Heights, Los Angeles
340 Main Street
2-1-1,Osaki,Shinagawa, Tokyo,Tokyo,Japan
Oxford Street
9, Maitama Street,Ikoyi
University of Arkansas
2-121 Higashi-machi, Tottori City, Tottori Prefecture, Japan 680-0011
121–123 Union Street
1 High Street
Silk Street
Fresno, California
Ballsbridge
Wych Street,Drury Lane
175 W Mark St., Winona, MN 55987
8Sheptytsky Square
Rruga 28 Nentori
24 Hill Street,Toorak
F Avenue & West
1 Water Street
900 Stewart Ave.
Belfast
Bahnhofstr. 1, 79379,Müllheim,Baden-Württemberg
1130 Wealthy SE
3, rue d'Arenberg, 1000 Brussels
Villiers Street
5 Piesse Street
Hilltop Circle & Hilltop Road
Lindholmsplatsen
Los Angeles, CA 90028
8226 N. Denver Avenue
Locality Sammezzano, 50066Leccio
Am Bahnhof 1,Amstetten,Baden-Württemberg
111St. Clair Avenue West
77 Mt. Vernon Street
1350 Third Street
2, rue du Ladhof, 68000Colmar
Old Port Road,Port Kembla
Tverskoy District
Hazratganj,Lucknow
32 rue Richer
412 Main Street
M5V 1J2
Los Angeles, CA 90027
Piccadilly Gardens,Manchester
333 NW 23rd Avenue
On Ming Street,Shek Mun
Grange Road, Hayes UB3 2UE
Rue du Petit-Bois
Barras Bridge
90 Moore Avenue South
235 West 50th St.,New York, New York
Hennessy Road×Yee Wo Street,Causeway Bay
90 West Broad Street
Corner Jeppe Street and Joubert Street
Los Angeles, CA 90013
University of Massachusetts
Ostozhenka Street,
Singapore 569117
Tring,
BetweenYue Tin CourtandPrima Villa,Chap Wai Kon Street
Performing Arts & Humanities Bldg.
Fota Island
Plaza del Carmen, 1
Ball Road
83000Toulon
50 Reservoir Road
Luen Wan Street/Argyle Street,Mong Kok
Carlisle Road
Damside Street,Lancaster
1466 N. Ashland
Reading
20 East 76th Street (betweenFifth AvenueandMadison Avenue), inside the Surrey Hotel, on theUpper East SideinManhattan
Odenheim,Baden-Württemberg
Grey Street
72 West 36th Street (between Fifth Avenue and Sixth Avenue), in theGarment DistrictinManhattan
837 SW 11th Avenue
Los Angeles, CA 90001
1 Theatre Drive inForest Park
YO12 6PF
Torkham Road
Cheung Sha Wan RoadnearCheung Sha Wan Plaza,Lai Chi Kok
1823 Terry Avenue
Intersections ofCheung Sha Wan Road×Pei Ho Street/Kweilin Street,Sham Shui Po
Vykhino-Zhulebino District
1920½ Acacia Avenue
32 Cathedral Square
Enniscorthy
Fayetteville, AR 72701
East Main Street (Northwestern Turnpike)
9th arrondissement
224 Ponce de Leon Avenue NE
408 Main Street
One Hyde Park: The Residences at Mandarin Oriental, 100 Knightsbridge, London, SW1X 7LJ
980 Lahainaluna Road
Wang Lok Street×Long Yip Street,Yuen Long
11508 Long Beach Boulevard
Manordeilo,Llandeilo,Carmarthenshire, SA19 7NL
White City, W12 7RJ
Lurgan
Keighley Road,Skipton
Cow Lane,
Kehui South Road,Olympic Green,Chaoyang District
11000Carcassonne
Zyablikovo District,
11500 Aviation Boulevard
17-19 Regency Street
2132 Hillside Road,
Springfield Road,
4th arrondissement
Greystones
Royal Hospital Road
98Stirling Highway
4473 Sunset Drive
915 East Carroll Street
Dunton,Laindon, Essex, SS15 6EE
Martin Luther King, Jr. Way
5905 Southeast 43rd Avenue
126 S 2nd St
Shirehampton,Bristol
Bahnhofstr. 1, Neustadt,Titisee-Neustadt,Baden-Württemberg
Lynwood, CA  90262
Downham Market
North Hollywood, CA 91601
21, rue Yves-Toudic
Hoxton Street
1071 LN Amsterdam
Bahnhofstraße 9,Neulußheim,Baden-Württemberg, Germany
6915 Cass Street
Hopton Street,Southwark
30354Mulholland Highway
138 North Main Street
555 North Nash Street
303 Southwest 12th Avenue
41, rue du Temple, 4th
West Kowloon HighwaynearFu Cheong Estate,Sham Shui Po
349 Ferst Drive NW
Smith St,Rochdale
96 Stirling Terrace
Shanghai
16 Abbey Mill Lane, St Albans, Hertfordshire AL3 4HE
1573 Exposition Boulevard, West Adams, Los Angeles
317 Northwest Broadway
Balbriggan
Via Accademia, 47
2026 Northeast Alberta Street
22 High Holborn
166 Friargate
1 Gunwharf Quays,Portsmouth,Hampshire, United Kingdom
77 - 87Courtenay Place
6101½ Owensmouth Avenue, Woodland Hills, Los Angeles
Semyonovskaya square
6100-6101 Tampa Avenue, Los Angeles
2594 Westwood Boulevard
Digbeth,Birmingham, England
Frenchgate Centre,Doncaster
4 High Street, at intersection of Cliff Street
Wembley,
and Avenue Marigny,
Stockwell Lane,Wavendon
Maddox Street
22391 Hamburg
110 Serpentine Road
Portadown
223 W. 42nd Street
Gorey
OX2 7JN
900 Enterprise Drive
791 Broadway
Zelyony Avenue
Jalan Stasiun Kota No. 1, Pinangsia, Taman Sari,West Jakarta
12 Hertzog Boulevard, Cape Town 8000
18 rue Saint-Lazare
Nariman Point, Mumbai 400021
Ma Tau Wai Road × Lok Shan Road,To Kwa Wan
Berkshire,
Sloane Square
Mountain View, California
75010 Paris
348 South Washington St.
54 Old Compton Street, London, W1D 4UD
Midtown
George's Street
Carrer Sol Naciente 18
London Road
197 Ivory Street
Durban Road, Bellville, 7530
625 Northwest 21st Avenue
1038 South Hill Street
108 Stirling Terrace
5, allée des Frères-Gauthier 42000Saint-Étienne
Lime Street
(朝阳内大街81号)
2020 Avenue of the Stars
314Queen Street
5300 Sherbrooke Street East
118 East 6th Street
301 Southeast Morrison Street
Route Louis-Favre 2
Ryazansky District
Fahaheel
2300 Superior St.
Venustiano Carranza, D.F.,Mexico City
261 West47th Street
Victoria Street
str. Franklin nr. 1-3, sector 1
1 Whitehall Place,London
East Point Office Park
Market PlaceWetherby
Wyvil Road/Wandsworth Road
Horns Lane,Goosnargh
Priory Street
Ryecroft Hall,
Tooley Street
Russia
43Mashtots Avenue
Lok King Street,Fo Tan
Fortress Metro Tower,King's Road,Fortress Hill
Five Islands Road,Cringila
North Circular Road,Tralee
3324 N California Ave
15, rue Malte-Brun,
Chancellors Place,St Lucia
Clondalkin
HM Prison High Down
NearWah Shun Gardens,King's Road,Quarry Bay
Uttar Pradesh. 226001
905 N Citrus Ave (parking structure) Free shuttle takes you to S/W corner of Foothill & Citrus.
Nursery Road,Holland Park
Bahnhofstr. 8,Nürtingen,Baden-Württemberg
Savoy Court,Strand
South Parade
* 38 rue de Montpensier
90 Tsalwa Road, Kakamega 50100, County of Kakamega
BetweenSunshine CityandBayshore Towers,Sai Sha Road
San Roque National Highway
1 Chemin de Pouillerel,La Chaux-de-Fonds
NearKam On Court,Sai Sha Road,Ma On Shan
Novotushinskaya Street
14th. Paris
20220 Santa Fe Avenue
St. Martin's Court
Near Roca Centre,King's Road,North Point
Ansonia Hotel, New York City
610 F St. NW
1, place du Général de Gaulle,Metz
7 High Street
178 Kneeland St
57 Swan St, Richmond, VIC 3121
Cheong Wan Road,Hung Hom
1Amiens Street,Dublin
Via Eugenio Curiel, 39
710 Main Street
M.G Road
7 Henry Street West
Strogino District
The Hilton Hotel
Yazd–KermanRoad, TheSilk Road
Barangay Pawing
Greenwich High Road
Piazza di S. Pantaleo 10
1 Guildhall Road
1 Richmond Rd, London E8 4AA
50 Cathedral Square
Westland Row,Dublin 2
1000Penn Avenue,Pittsburgh, Pennsylvania15222
Los Angeles, CA  90067
905 Meridian Avenue,South Pasadena, California, U.S.A.
(bet. East 76th Street and East 77th Street)
1011 Northwest 16th Avenue
Abington Square
275 Willowbrook Avenue
東京都中央区銀座六丁目18番2号 Ginza 6-18-2,Chūō-ku
Tagansky District
Henley Fort Outdoor Education Centre, The Mount,Guildford,Surrey, GU2 4RH
4 Defu Avenue 1
Lambeg
Salisbury Road,Chatham Road South×Middle Road,Tsim Sha Tsui
Burnley Road,Todmorden
96 Main Street North
Harbour View Street,Central
Lady's Lane,Northampton
Shing Tai Road,Hang Fa Chuen,Chai Wan
205 West 46th Street
Shearwood Rd, Sheffield, South Yorkshire, S10 2TD
Jalan Ki Asnawi,Tangerang
Hverfisgata 19
68 Stirling Terrace
Ostozhenka Street
Kutuzovsky Avenue,
320 W.Temple Street
Bow Street,Keighley
191 Portobello Road
81 Chaoyangmen Inner Street
62000Arras
Gramercy Park,Manhattan
E3B 1C5
1609 SW Park Avenue
Donabate
124 West 43rd Street
St Nicholas Cliff
10001 National Boulevard, Los Angeles
1 Phoenix Street Brunswick (cnr Sydney road)
Concorde Road,Kai Tak DevelopmentArea
Church Lane
115 Northwest 5th Avenue
3451 SE Belmont Street
210 S Indiana St, Boyle Heights, Los Angeles
450014 Mile Road
Stockport
933 Kapahulu Avenue
Dromod
located at the corner of
Corsair Avenue,Inala
Fort Lauderdale, Florida
243–245 Madras Street
03000Moulins
Darnall Road,Darnall
St Leonardgate
22 Cameron Street, Balmain
Hampton Avenue
36/2 8th Cross, II PhaseJ P Nagar
Los Angeles, CA  90015
Pebble Mill Road
Hurst Street
Los Angeles, CA  90013
Centenary Square,Broad Street
The Drive
152 Luckie Street
5-11 Hope Street
1001 Mansfield Street
Clifton Road
2 Place du Châtelet,
1601 E Duarte Road, Duarte
No.9, Weijiu Road of Huacun, southern foot of Mountain Tortoise
Rua Dom José de Barros 67, República, São Paulo
400 Cedar St.
Sai Lau Kok Road×Tai Ho Road,Tsuen Wan
4773 Hollywood Blvd
56-60 William Street
21386 Roscoe Boulevard, Canoga Park, CA
5-13 Shintenchi,Naka-ku,Hiroshima,Hiroshima Prefecture730-0034
163 Duane Street (betweenGreenwich StreetandHudson Street), inTribecainManhattan
Astley Mill Road, Astley, Stourport-on-Severn DY13 0RW
58-72 Upper Ground,
1131 SW Montgomery St.
Los Angeles, CA  90029
11000 Wilshire Boulevard
13–17 Fiennes Street
Ochakovo-Matveyevskoye District,Western Administrative Okrug
Lerchenfeld 14
35 East 100 South
5th Street and Boston Avenue (southeast corner)
Los Angeles, CA  90021
19 Tverskoy Boulevard
57 Volodymyr Street
Auckland Castle,
Çarşı Cad. 1/A
John Burnet Hall
158–160 Manchester Street
7700 Redwood Boulevard
376 Brunswick Street, Fitzroy, VIC 3065
Hawthorne, CA  90303
Leixlip
George's Quay,Dublin
40 South Main Street
7 Onslow Avenue, Elizabeth Bay, NSW 2011
4600 Marmion Way,
Fanling Station Road,Fanling
(now Hoxton Street)
8733 Southeast Division
Canning Place,Liverpool
10660 S.E. Main St.
1400 Defense Pentagon, Washington, DC 20301-1400
23847 Lasbek
Rua José Malgueira, 13
56 Artillery Lane
8th. Paris
331½ West Washington Boulevard
Poyntzpass
Former Obi Wali Cultural Centre
474Hay Street
101 South Orange Avenue
362 Dr Pixley Kasembe Street
Drogheda
Kildare
P.O. Box 100
Los Angeles, CA  90048
212 Texas Street
2013 West Third Street
24 rue de Lompret
PE38 9LL
Los Angeles, CA  90045
Springhill Road,Spring Hill
Canonsburg, Pennsylvania
24 Boulevard de Cimiez
177High Street
Garage C, BART AirTrain Station
1035 Southwest Stark Street
699 Kinderkamack Rd.
1 Nine Elms Lane, SW8
Wellington Circus
1501 Cerrillos Road
South Bank
Avenue Jean de la Hoese 32
Commercial Road
Preobrazhenskoye District,
TD11 3LT
2415–2449 Main Street
adjacent toHaymarket bus station
Russell Street
08000Charleville-Mézières
Pachécolaan n°25, 1000Brussels
Nathan Road×Prince Edward Road West,Mong Kok
Raheny, North East Dublin
11 Kassos St.
201 W Platt St.
Smithfield/Forbes Street,Kennedy Town
1291Third Avenue(onEast 74th Street),Upper East Side,Manhattan
Nathan Road×Waterloo Road,Yau Ma Tei
Gray's Inn Road
200 N First Avenue, Arcadia
5664 W Jefferson Blvd
San Francisco International Airport, CA  94128
Lytton Way
1431First Avenue(betweenEast 74th Streetand East 75th Street), on theUpper East SideinManhattan
Harmondsworth, London, TW6 2GA
Newport,Wales
BBC Broadcasting House, Portland Place, LONDON, W1A 1AA
Studio City, California 91604
23–27Leicester Square
Tadwick Lane
12801 Lakewood Boulevard
Rosemount Viaduct
1, Raisina Road,New Delhi
339 Bogyoke Aung San Rd
35 Stirling Terrace
6151 North Andrews Way
1225 West Belmont Avenue
Golden State Avenue
Fredriksberg Alle
Severnoye Medvedkovo District
Newbridge
913 Ocean Avenue
Torquay
Bradshaw Street, Northampton, NN1 2HL
Clifton Hampden, Abingdon, Oxfordshire, OX14 3EH
62 East33rd Street(betweenLexingtonandThird Avenues), inMurray Hill,Manhattan
Dublin Docklands
Liverpool, England
1000 Southwest Broadway
6064-6065 N Reseda Blvd, Los Angeles
Coolmine
Market Square,Dublin 7
990De Maisonneuve Boulevard West
18478 Highway 43
Downey, CA  90242
Garden Road, NearGovernment Botanical Gardens
Main Road,Rondebosch
46 Vassilissis Sofias Avenue
Borwick Lane,Borwick,Lancashire
500 Jackson Street
Eulenberger Hof,Bad Wimpfen,Baden-Württemberg
Ardrahan
Friedrichstraße 107, 10117 Berlin
Bulevar Svetog Petra Cetinjskog 2
Coventry Street
Malmskillnadsgatan 32
1341Third Avenue
2-16-1, Konan,Minato-ku,Tokyo,Japan
between 42nd and 43rd Streets
Partick,Glasgow
Burniston Road
55-61 Madison Avenue. and 22-32 E. 27th Street
31 Cameron Street,Birchgrove, NSW 2041
Gloucester Green,Oxford
23Peachtree StreetNE
119 Gorbals Street
TQ1 3LA
Yam Pak Building,University of Hong Kong,Pok Fu Lam Road,Shek Tong Tsui
Centro, Rio de Janeiro
Mint Road, Fordsburg
Dean Street
901 Bagby Street
11 Main St.
706 Queen Street
Kirchenallee 34-36
Mitino District
1301 Alaskan Way
PE30 1EJ
4a Halych Street
Lime Street,Ouseburn
1043 Exposition Boulevard
Chapel Row,
Yuzhnoportovy District
56 Spring Gardens
Antrim
2037 E. 14th Street
31 avenue du 14-Juillet
Carlow
University of Brighton Faculty of Arts, 58–67 Grand Parade,BrightonBN2 0JY
Lavender Hill
Fife
Waterford,Rice Bridge
Corner of West Avenue and Hendrik Verwoerd Drive
Meroo Street,BomaderryNew South Wales
Singapore 628083
Masons Yard
675 Ponce de Leon Ave. NE
Edith Walk
King Street,Leigh
166 Gloucester Street,Christchurch, New Zealand
Mong Lung Street,Shau Kei Wan
BetweenWoh Chai StreetandWai Chi Street,Shek Kip Mei
Geertebolwerk 1, 3511 XA Utrecht
Komsomolskaya Square
Harsefelder Straße 40
Ecatepec,State of Mexico,
650 Walnut Street
Harmonstown
Merced, California
8633 Colesville Road
North-Western Administrative Okrug
Chung Hau Street,Lo Lung Hang,Ho Man Tin
Greyfriars,Bedford
Kensington Palace Gardens
2312 W. Union St.
London,
İsmet İnönü Cad.
20th. Paris
700 North Washington Ave,Marshall, Texas, United States
8615 Graham Avenue
Mariagervej 450, Randers
Castle Dyke
153 West 50th St.
1Clapham Road
98 Stirling Terrace
33 Morningside Road, EH10 4DR
19 Fiennes Street
Thrumpton Hall, Church Lane, Thrumpton, NG11 0AX
Chertanovo Yuzhnoye District,
2811 Northeast Glisan St.
Carré Marignyon theChamps-Élysées,8th arrondissement of Paris
101 West Hampton Road
Jalan Kitapa No. 2,Serang
321 West 46th Street (between 8th Avenue and 9th Avenue), on theTheater District'sRestaurant Row
Manchester Road
Kursky railway stationsquare
500George Street
400Roncesvalles Avenue, Toronto, Canada
9 Bridgend Terrace, Pembroke SA71 4LW
Hillsborough, South Yorkshire
Near C-31 road.
High Holborn
Dunmurry
Long Yat Road×Long Ming Street,Yuen Long
1100 Wright Ave.
Krasnoselsky District
Yakimanka District
280–284 Durham St
Margelikweg 2
Am Hasenberge 44, 22337 Hambug
Belmont Street
Western Administrative Okrug
Intersection ofFleming Roadand Convention Avenue,Wan Chai
101 W Duarte Road, Monrovia
Park Road
Gen. Asım Gündüz Cad. 29
Basmanny District,
Kings Esplanade,HoveBN3 2WA
John Street
Sligo
Ballycullane
St. Martin's Lane
431 N. Green St.
4902 W. Commerce St.
The Fauconberg Arms,Coxwoldnear York, North Yorkshire
Cultural Foundation, Sheikh Zayed 1st Street, Abu Dhabi
United States
10202 West Washington Boulevard
10 South Algoma Street
Ashtown
Moscow
4Clinton Street(betweenHouston StreetandStanton Street), on theLower East Side
Pervomayskaya Street,
11th arrondissement(post 1860)
200 Constitution Avenue NW
Po Lam
Queen Square,Liverpool
9429-9441 Wilshire Boulevard, Beverly Hills, California, 90210
Playhouse Square, Quarry Hill, LEEDS LS2 7UP
Moscow,Russia
4420 Exposition Boulevard, Jefferson Park, Los Angeles
Allée de Bury,Blois
Compton, CA  90020
C/ de Can Sunyer, 48
Old Pretoria Main Road
Fili-Davydkovo District,
Clifton Street
Killarney
8 Northwest 6th Avenue
Sussex Heights, St Margaret's Place,BrightonBN1 2FQ
13620-13622 W Oxnard St, Los Angeles
36 High Street
Stanley Street, South Brisbane
40Holywell Street,Oxford, OX1 3SP,England
1 Avenue of the Arts
240Central Park South(betweenBroadwayandSeventh Avenue) inManhattan
Parnell Place,Cork
Lower Glanmire Road,Cork
Newport Road,Middlesbrough
31 High Street, Hornchurch, Essex, RM11 1TP
Northern Administrative Okrug
2, Dvinskaya Ulitsa
Centurion, Gauteng
226 West 46th Street
744 West Main Street
145 Magnolia Drive
Horne Lane
227 S. 6th St.
7 Greek Street
corner Oxford Terrace and Gloucester Street,Christchurch, New Zealand
st. Volodarskogo, 59
20, rue Bréguet
711 Spring Garden St.
Des Voeux Road Central,Sheung Wan
Haymarket adjacent toEldon Square Bus Station
Newcastle City Centre, Newcastle upon Tyne, England
220 Bagley Avenue #324
17 Ormeau Avenue
Gorleston-on-sea
9th arrondissement of Paris
97420  ZAC 2000 Le Port
Paso Robles,California93446
11230 South Acacia Street
Musgrave Road,Indooroopilly
33 Shing Fung Road, Kai Tak, Kowloon,
St James Street,Batley
387 King Street, Newtown
The Rocks,
Overseas passenger terminal,
222 Exhibition Street
222 N. 7th St.
Central Court
7401 Central Ave.
Bridge Street
Via Santa Aquilina, 21
97–99 Stirling Terrace
22 Park Lane
825Hay Street
Much Park Street
1802 Hill Ave.
Limerick, Parnell St
6125 Shingle Creek Pkwy
Euston, Camden, England
Manchester Road,
Inglewood, CA  90304
1Wellington Road South
Washington Monument,National Mall
150 Argyle Avenue
Murarrie
10 East Exchange Street
Erzberger Str. 20,Villingen-Schwenningen,Baden-Württemberg
Nanterre
7731 Woodmont Avenue (original location)
Studio City, CA 91604
828 SE Grand
Concertgebouwplein 10
572 - 80Main Street
254 West54th Street
Jalan Tuanku Abdul Rahman
The Marina
34,rue des Rosiers, in the 'Pletzl' Jewish quarter ofLe Maraisneighbourhood
Cheung Sha Wan Roadnear Cheung Sha Wan Playground,Cheung Sha Wan
outsideHanford, California
114 W. State St.
Leicester Place
876 East 900 South
Bahnhofstraße 30,Bempflingen,Baden-Württemberg
BS1 4ED
Nordstrand,Oslo
Tverskoy District,
Drury Lane
200 Schermerhorn Street (at Hoyt Street), inDowntown Brooklyn
State Highway 212,Yavatmal,Maharashtra
Whitchurch Hill, Oxfordshire, RG8 7QR
161AChrystie Street
Avenida do Almirante Lacerda
Gallusanlage 7
Square Michelet, 13009Marseille
Strand
Severnoye Tushino DistrictandYuzhnoye Tushino District
Rathdrum
Dmitrovskoye Highway
204 East 43rd Street (betweenSecond AvenueandThird Avenue, inMidtown Manhattan
107 Quay Street
Nursling,
Tagansky District,
22-28 Broadway
Pechatniki District
148 Lindsey Street
Rusakovskaya Street
Corner of Flinders and Swanston Streets, Melbourne
Ząbkowska 27/31
Ilyinskiye Vorota Square
Church Alley
High Street
Southern Administrative Okrug
Between89th Streetand90th Street
Kabasakal Cad. 1-27, Cankurtaran
Gympie and Hamilton Roads,Chermside
8 Mott St, New York, NY 10038
Edgeworthstown
Delhi Gate
Surrey Street,Norwich, Norfolk, England
205 Ha-Yarkon St
Private residence: 66 Phillips Street
5310 Markel Road
Pachora, Maharashtra, Pincode 424201
Tseung Kwan O
Sawclose, Bath, BA1 1ET
12901 Town Commons Dr.
4-12-15 Ginza,Chūō-ku
Singapore 648170
13127Vitrolles
15 Pui Shing Road,Hang Hau,Tseung Kwan O
2330 E 1st St, Boyle Heights, Los Angeles
Babbacombe Downs Road
2 D'Olier Street, Dublin 2
1798 North Long Beach Boulevard
44Cleveland Street
3, avenue Aristide-Briand
411 Srisuriyawong Road
4421 Long Beach AvenueLos Angeles, CA 90021
Churchill Way
High Street West
12901 Hoxie Avenue, Norwalk, CA 90605
Mayne Road,Bowen Hills
66, Trafalgar Square
London,Greater London,
Troparyovo-Nikulino District
130–140 Church Street
6060-6062 Van Nuys Blvd, Los Angeles
59160Lomme
No. 264, Chang Jiang Road
2200 Front Street
Tierra Verde, Tsing King Road,Tsing Yi
One Vanderbilt Avenue
1038 SE César E. Chávez Blvd.
La Rue au Blancq, St. Clement, Jersey.
9th. Paris
Lyublino District,
Stroginsky Boulevard
Hingoli, Maharashtra 431513
Howth
Edward Street,Carlton HillBN88 1AH
994Rachel StreetEast
Praça 15 de Novembro, 21
245 West 44th Street
16017 Avenida Padilla, Irwindale
Monkstown
Cypress Park−Lincoln Heights,
Mullingar
H Street
Lord Street, Southport
1, place du Trocadero, 16th
Perovo District
Raver, Maharashtra, Pincode 425504
Eisenbahnstr. 24,Metzingen,Baden-Württemberg
Brgy. Mariana
Rr. Hafiz Ali Ulqinaku
Stockton and Washington Streets
900 N Ashley Drive
3636 Turtle Creek Blvd
İskele Meydanı
Killiney
Leeming Street
250City Road
Clara
Vinnitskaya Street,Ramenki District,Western Administrative Okrug
Fäviken Egindom
1020 East University Boulevard
615 Montauk Highway
1971 State Street
Wessex Lane
8 Hay Lane, Coventry, West Midlands, CV1 5RF
730 F-G-K Le Van Mien,
25 East Main Street
1220 Southwest 1st Avenue
2751 Broadway
15 Ang Mo Kio Street 63
1331 Fuxing Middle Road
498 Pacific Avenue
No.5 elahiyeh St. Tehran
Skerries
Malaya Dmitrovka 6
Maryino District,
304 North Adams St.
Lo Wu Station Road,Lo Wu
No.889 Yang Gao Nan Rd
6424-6425 Winnetka Ave, Los Angeles
Eastern Administrative Okrug
B1 2JT
St George's Quay,Lancaster
215 E. 5th St.
Gwent Square
300 South Orange Avenue
110 West 41st Street
216Hanover Street
Attymon
Nell Lane
Elder Street,Edinburgh
Midrand, Gauteng 1685
Nenagh
Manhattan,New York City
Broadway and W. 24th St.
Kwu Tung
Jalan Taman Stasiun Tanjung Priok, Tanjung Priok,North Jakarta
210 South 34th Street
,Moscow,Komsomolskaya Square, 3
4537 SE Division Street
Rue Kleber
172 Allen Street, Lower East Side
42 Cheam Rd,SuttonSM1 2SS
Ping Ha Road×Kiu Cheong Road,Ping Shan
17–17 bis,rue de Vaugirard
200 Dousman St.
M609EA
138 East 27th Street
5 boulevard du général de Gaulle,
Irakli AbashidzeStreet
North-Eastern Administrative Okrug
SE1 9LT
1225 G StreetSE
St Peters Square, Ruthin, Denbighshire, LL15 1AA
rue Charles Castermant,Wattrelos
Mount Murray Road,Mount Murray
328 Main Street
4200 Wisconsin Ave
2135 N. Milwaukee Avenue
London Heathrow Terminal 5
Jl. R.E. Martadinata, Ancol, Pademangan,North Jakarta
Cnr Beattie and Mullens Streets, Balmain, NSW 2041
Norwood High Street
Corner ofMolesworth StreetandLambton Quay,Wellington
Redfern Road,Hay Mills
40 Gillies Avenue, Epsom (off Mortimer Pass Newmarket)
Pokrovskoye-Streshnevo District
Pier 4, Hickson Road, Dawes Point NSW 2000
100Euston Road
Avda. Alcalde Elósegui, 273
128 Wembley Park Drive,
Co. Durham DL14 7NR
23East 74th Street(between 5th Avenue and Madison Avenue), on theUpper East Side, inManhattan
55 rue de Clichy, 9° arrondissement
9, 10, 11, 12 Lettice Street
1290 North Long Beach Boulevard
1332 North Skidmore
Thavakkara,Kannur
Jewellery Quarter
Bayley Lane
717 Madison Place NW
Albany Creek Road,Aspley
Castleknock,Blanchardstown
United Kingdom
114 E 6th St.
4 Temple Row West
6008 SE 49th Avenue
2606 Tieton Drive
Newcastle Street (Aldwych)
1 Rochor Road, Singapore 180001
Santo Cristo, Rio de Janeiro
Dirección	Av. Cuauhtémoc y Eje 5 Sur Eugenia,Mexico City
Little Venice & Richmond
18 rue Emile-Zola
Paradise Street
6815 Hollywood Boulevard
8151 Santa Monica Blvd.
京都市東山区四条通大和大路西入中之町198
Leicester Square
Bahnhofstr. 1, 76669Bad Schönborn,Baden-Württemberg, Germany
500 106th Ave. NE
WhitechapelHigh Street
Nandurbar, Maharashtra, Pincode 425409
King Street
234 SE Grand Avenue
Rublyovskoye Highway
Bayside
City Road,Newcastle upon Tyne, NE1 2AL
Queen's Gardens
Myoma Kyaung Street
Rue Jules Ladoumègue
1321 Pennsylvania Avenue NW
Mount Washington,
SO16 0XY
Fair Way
72boulevard du Temple,
65, Cinema Lane, Marzaban Road,Fort
Cottingley Vale, Leeds LS11 0JH
370 West Avenue 26,
401 Colorado Avenue, Santa Monica
International Terminal, Level Three
Nizhegorodsky District
Che Kung Miu Road × Hin Keng Street,Tai Wai
Rue Pierre Brosssolette, 62110Hénin-Beaumont
840 Stanford Rd
JunctionA509/A5130
2 Coffee Yard
SIU Edwardsville
Hlatywayo Street
100 11th Street,
Aldwych
South Marine Drive
24 North Main Street
Stockton and O'Farrell Streets
Newry
Broad Street
42 East20th Street(betweenBroadwayandPark AvenueS.), in theFlatiron DistrictinManhattan
1125 Southwest Stark Street
30 Airport Boulevard Singapore 819662
142-144 Stirling Terrace
Booterstown
Chapel Street, Little Germany
112 Rue de Maubeuge
2725 Southeast Ankeny St.
Chateau 41250, Chambord, France
Cheung Tung Road,Tung Chung
Derngate, Northampton, NN1 1UD
Vyttila,Kochi,Kerala
MetroPlaza, 8King Ling Road,Tiu Keng Leng
Rush
Bahnhofstr. 2,Singen,Baden-Württemberg
Rosseau, Seguin,
3 Jalan Stesen Sentral
Civic Drive
Great Queen Street
101 avenue de la République 75011, Paris
Allée des soupirs
Negros Occidental Provincial Capitol Complex
High Street, County Wexford, Ireland
7 Bond Street, Dunedin
Sandymount
2138 SE Division St (2000–2008)
3701 Southeast Division Street
Suffolk Street,Haymarket
151 North Avenue 57,Highland Park, Los Angeles
KY16 9JF
11667 South Avalon Boulevard
6250 Hollywood Boulevard
685 Washington Road
Tuen Mun
5005 E. Camelback Road
Bakersfield, California
Chembur
250 Main Street
No. 2211, Shibo Avenue
6 Rue Vivienne
Via Zamboni, 33
23 West Heath Road,Hampstead
Panvel
4501 Crittenden Drive
2913 Southeast Stark Street
Sviblovo District
54Cleveland Street
82 Gillis Street
The Queen's Walk
Station Road,Berry
Europa Road
Basmanny District
Watts Road,Whitley Bay,Tyne and Wear, England
63 Ellis Street
BN1 2EW
Peabody Hall
1075 rue Champflour
4902 Franklin Ave.
3226 Southeast Division Street (Portland, Oregon); New York City
1340 Mike Fahey Street
67a Bronirovannaya Street
4397 West 2nd Avenue
Spokane, Washington
50, rue de Malte
450 Millbank Drive
One New Change, 10 Bread Street, London EC4M 9AJ
Yonge and Bloor
Wynnum and Creek Roads,Cannon Hill
7900 Xerxes Ave. S.
ul. Jaracza 2 street
Church Street
Norfolk
2-31-1 Nihonbashi-Hamacho,Chūō-ku
320 E. Hyman Avenue
Piazza Monte Grappa
33332Grand River Avenue
57200Sarreguemines
Hollywood, CA 90028
33 E Canon Perdido St
Napier Road
King's Lynn
Adjacent toLake Silver,Sai Sha Road,Ma On Shan
Braintree, Massachusetts
901 North Spring Street, Los Angeles
Between Khyber Pass Road and Park Road,Grafton,Auckland
Toronto,Ontario
Po Nga Road,Tai Wo
F. Ma. Guerrero Street
5970 Mariposa Road
Trafalgar Road, Birkdale
Kiyevskogo Vokzala square,Moscow
Union Place
Grantham, Lincolnshire
1 Redcliff Street
3131Las Vegas BlvdSouth
149 Kings Road,BrightonBN1 2PP
Mother Theresa Square. No.21. 10000 Pristina
St Annes Road West
Corner of Kordestan and Hakim Highways
503 Battersea Park Road
31 Cathedral Square
Carrickfergus
Collooney
445 Geary
777 106th Avenue NE
Bahnhofsanlage 1–3,Schwetzingen,Baden-Württemberg, Germany
9 North Second Street
1/1, Lala Lajpat Rai Sarani, A J C Bose Road
11 Park Walk
Meşrutiyet Cad. 15
Untergrombach,Bruchsal,Baden-Württemberg, Germany
Jl. Raya Pasar Minggu, Pasar Minggu, Pasar Minggu,South Jakarta
Berkshire
835 North Lombard Street
Broadgate,Lincoln
42Rustaveli Avenue
3530 Southeast Division Street
114-116 Stirling Terrace
70 Boundary St.
Colmore Row
244 Madison Avenue
Yarranga Street,Robertson
197 Grandstand Road
36 College Street (on the corner of Curtis Road)
1099 Euclid Ave. NE
The Old Provost, Lucas Avenue
5101 50th Avenue
Mira Road
One KX building, 120Cromer Street
49 Mews Road
Cornwall, TR11 4QJ
Athy
Wadham Street
Dorogomilovo District
Gloucester Street,Highgate Hill
222 East Monroe Street
Boston, MA 02163
Karl-Kurz-Str.3, Hessental,Schwäbisch Hall,Baden-Württemberg
North Street
6762 Virton
626 SW Park Avenue
2491Notre Dame Street West
1A‐D Harper Road (at the corner ofStirling Terrace)
765 W. Central Ave.
Wu King Road × Wu Chui Road,Tuen Mun
125 E Holly Street, Pasadena
William IV Street
Blackburn
4639 SE Woodstock Blvd.
Via Casilina Vecchia, 42
24 boulevard Poissonnière, Paris9th arr., France
Rue du football
1407 Euclid Avenue
33 King Street, ABERDEEN AB24 5AA
60 East 65th Street (betweenMadison AvenueandPark Avenue), on theUpper East SideinManhattan
Grand Canal Dock
Wood Street
Tekstilshchiki District
Kwun Tong RoadInterchange,Kwun Tong
15avenue Montaigne
Private residence: 86 Pinckney Street
Nga Wan Road,Tai Po
5301 Marine Avenue
4602 Sunset Avenue
Prospekt Vernadskogo District
via Orsanmichele 4
65 Airport Boulevard, Singapore 819663
5746 Sunset Boulevard
143Westminster Bridge Road
222 West College Avenue
120 Northwest 3rd Avenue
12600 66 Ave
Avenue des Champs-Elysées
1–13 St Giles High Street
4th and Folsom Streets
Caffiers,Nord-Pas-de-Calais,
Mt. Lebanon Blvd at Cooke Lane
801 South Lamar Boulevard
Kut Shing Street,Chai Wan
37 Cristina Street
Eastern Lane
St Cuthbert St
1 Tchaikovsky Street
Bexwell Road
Flinders Street,Port Kembla
230 S Raymond Avenue, Pasadena
Bahnhofplatz 1, 77933Lahr,Baden-Württemberg
Belinda Street,Gerringong
47 Hereford Street
100 California Drive (Caltrain)
Kornhill,King's Road,Quarry Bay
76140Le Petit-Quevilly
8 Sion Place, Clifton, Bristol BS8 4AX
Market Place, Ilkeston, Derbyshire
Northstead Manor Gardens
Malahide
Meshchansky District
Iztacalco,Mexico City
Preston,Lancashire
Rosebery Avenue
Victoria
Dean Street,Soho
5350 E. University Ave.
Vidhan Sabha Marg,
515 W Sprague Ave.
Private Residence: Pinckney and Anderson
87-48 78th Street
Maynooth
500 North Akard Street
Jl. Sultan Alaidin Mahmudsyah
25 East 77th Street, at Madison Avenue
309 Third Ave South
Clontarf
500 Ninth St.
Nathan Road
Bahnhofstraße 40,Aglasterhausen,Baden-Württemberg
Anenské náměstí 5
173316th St NW
Drumcondra
108, Sarojini Devi Road
Germany
The Arches, Villiers Street
M34 5ZJ
8817 Washington Blvd
645 E 7th St, St Paul, MN 55106
Central Road,Unanderra
780 N Alameda Ave, Azusa
1 Cheong Wa Dae Road,Jongno District
1 Avenue Maréchal Joffre
410 Brockley Road
287 Broadway
220 N. Washington Ave.
402 East 78th Street (between First Avenue and York Avenue), on theUpper East SideinManhattan
1Sussex Dr.
121 S Florida Ave,
Aita Orkolaga Pasealekua, 56
Charing Cross Road
The Crooked House, Coppice Mill, Off the Himley Road, Himley South Staffordshire, DY3 4DA
Colaba Causeway
Seahill,Holywood
St. Paul's Road
Central Administrative Okrug
Station Street,Dapto
142 East 18th Street
South-Western Administrative Okrug
N. Franklin Street
Portmarnock
Coal Orchard, Taunton, Somerset, TA1 1JL
Naucalpan,State of Mexico
Old Compton Street
BetweenSha Kok EstateandPok Hong Estate,Sha Kok Road
Carrick-on-Suir
Wadala
Lincoln, LN6 7TS
19 Alfi Bey Street
Nagorny District
Frederiksstaden
NearBhadra Fort
1306 North Ocean Boulevard
183-189 Marsh Wall, South Quay
Meadow Lane
Morton Road,Pakefield
Hauptstraße 19
Dublin
Promenade, Southport, PR9 0HY
Marmormolen51, 2100
3510 Wilshire Boulevard
Olympic Avenue,Ma Tau Wai
Yelninskaya Street
Am Alsterufer 27/28
Church Road, Ham Common, Ham, Richmond TW10 5HH
222 West 45th Street
1Paul ShafferDrive
367Grand Street(and Essex Street),Lower East Side,Manhattan
Intersection betweenHennessy RoadandO'Brien Road,Wan Chai
5060 Exposition Boulevard, Baldwin Vista, Los Angeles
66000Perpignan
YO15 3JH
Palmers Road, London SW14 7NG
Albert Road
3400 N Maryland Ave
El Segundo, CA  90245
1825 SW Broadway
Herts. HP23 5QY
95, Rash Behari Avenue Kolkata, West Bengal 700029
36 rue Ampère, 68000Colmar
Whinney Heys Road
2 avenue Junot
West Dapto Road,Kembla Grange
4050 NorthMilwaukee Avenue
58 boulevard du Temple,
3605 NE 15th Avenue
13240 W. Burbank, Los Angeles
144Ponce de Leon AvenueNE
45 Henderson Street
21384 Sherman Way, Canoga Park, CA
E. 6th St.
1 Place Daviel
56Waterloo Road
Butyrsky District
Lewins Mead
St Augustine's Parade
Llangernyw, Wales
38 Kalgoorlie St,Mount Hawthorn, Western Australia
4201 4th Avenue
210 Petrie Terrace
209 Marine Road Central
Hampshire
Vasai
Place du port 17-19
Gordon Street
Hamilton Parkway
Preobrazhenskaya Square,
(Station inCounty Antrim)
76300Sotteville-lès-Rouen
392 Main Street
Gladstone Avenue,Coniston
600 Auditorium Blvd
50 North Front Street
3214 S Flower Street, University Park, Los Angeles
1130 Airport Boulevard
2Komsomolskaya Square
Tampa, FL 33602
Bodwad, Maharashtra, Pincode 425310
347 Stage Harbor Road
Cathedral Close
15-16 Triton Street,Regents Place
451 Theriault Boulevard
117 Stirling Terrace
1650 Ka`ahumanu Avenue
Eton Avenue
65–66Fawcett Street
Aurora Boulevard cor. Broadway Avenue, Quezon City
251 East 82nd Street (betweenSecond AvenueandThird Avenue), on theUpper East SideinManhattan
33 Church Street
2401 Utah Avenue South
2460 S Flower Street
Bogorodskoye District
56 Karl-Liebknecht Street, D-01109 Dresden, Germany
123 East Water Street
Eastern Administrative Okrug,
980 East Cotati Ave.
Drury Lane, Wakefield, West Yorkshire, WF1 2TE
Izmaylovo District
Lothian Road
5000 Namur
Kuzminki District
744 S.W. 8th Street, 2nd Floor
23 Park Row, New York, NY
2414 Greenville Rd
Bishop Auckland,
Bahnhofstr. 2, 76316Malsch,Baden-Württemberg, Germany
Chistoprudny Boulevard19A
Stade Bon Rencontre
vul. Volodymirska, 50
Beardsall Row,Retford
Kongens Nytorv
733Wellington Street
London
Renfrew Street
17917 S.E. Stark Street
6Alfred Street,Oxford,United Kingdom
235-237 City Road, Southbank
Stanford Drive,Oak Flats
138 Saint-Pierre Street
OppositeChhatrapati Shivaji Terminus
Bahnhofplatz 1,Immendingen,Baden-Württemberg
28 Soon Lee Rd
Corner ofPittandMarket Street
Hallgate,Wigan
199 Delhi Road, North Ryde  NSW  2067
39 Pearse Street, Mullingar, Co. Westmeath
Denman Street
Ve Smečkách 26
Avenida Dr. Sun Yat-Sen, Macao Science Center
Ferensway,Hull
Castle Way
Orlando, Florida32801
119-125 York Street
Thames Young Mariners Outdoor Education Centre, Riverside Drive,Ham,Richmond,Surrey, TW10 7RX
Station Road, Vasanth Nagar,Bengaluru-560052,Karnataka
34 rue Bel Air
Rockford, Michigan49341
Nyropsgade 39&ndash;41
443 S San Pedro St
Warwick Street,Hulme
Craven Street
Peachtree at Luckie streets
20–24 Guildhall Walk
50 East Merrimack Street
Tsuen Nam Road,Tai Wai
1700 Slauson Avenue
15th. Paris
Clifford Street,Chorley
51Jerusalem Avenue
3333 Broadway
516 Main Street
Prospect Rd,Ossett
Blackfriars Road,Lambeth
731 W. 182nd St., Gardena, CA 90248
874 4th Ave
Jalan Latumeten 1,Jakarta
Dalal Street, Mumbai 400001
Seapoint
Herengracht366-370
Finaghy
1645 Broadway
2745 Otay Pacific Drive, San Diego, CA 92173
Chongarsky Boulevard,
100 North Senate Avenue
25 rue de Caumartin
Brgy. Paraiso
2621 Vine Street
Via Cataio 42, Montegrotto Terme, Italy 35036
158-164 North Vermilion Street
Beddington Lane
Corporation Street,Hyde,Greater Manchester
Ballinasloe
Eisenbahnstraße 2,Osterburken,Baden-Württemberg
616 Northwest 21st Avenue
Suffolk Queensway
Keizersgracht 174-176
1-11 Ironmonger Row
Curzon Street
1010 Broadway
The Law Courts, Openshaw Place, Ring Way
151 Presidents Drive
Uzeyir Hajibeyov Street
Ashley Ave, Epsom KT18 5AL
23 Aberdeen Street
900, place Jean-Paul-Riopelle
KY16 9XW
171 Uxbridge Road, Harrow HA5 4EA
BetweenGustavo A. MaderoandVenustiano Carranza,Mexico City
OL16 1AB
Between Wang Tat House and Wang Shun House,Lok Fu Estate,Lok Fu
W1D 4DJ
37 bis, boulevard de la Chapelle
Ecatepec,State of Mexico
Street Borgo Rossi 20 - Italy
Via Polvani, 4
Argyll Street
Thampanoor,Thiruvananthapuram
1340A1AS # C
Brayford Pool, Lincoln, LN6 7TS
Shepherd's Bush
110 Helena Street
Majestic Cinema
3420 North Pacific Place
220 Bagley Avenue
144 Richmond Hill, Richmond, TW10 6RN
106 rue Brancion
Ballymote
Rochester Gardens/Palmeira Square,HoveBN3 1JW
Dabbous Street, Near Lulu Center
102 rue Tenant de la Tour
Weinstraße 2,Besigheim,Baden-Württemberg
Nosovikhinskoye Road
3040 Tim Dobbie Drive
RG1 7SS
2-1 Shimokawabata-machi
106 E. 2nd Street
Polhill AvenueBedford,Bedfordshire
123 rue Saint-Jacques
Marine Drive,Nariman Point, Mumbai 400021
St James' Street
20 Bridge Street Lower
Grafton
Liberation Square,Saint Helier
Cabra
99 Washington Avenue Albany, New York 12210
5, place de Kehl
Links Crescent
San Bruno, CA 94066
2906 Governors Drive SW
6550 Comanche Trail
98High Street, Fremantle
Shahid Bhagat Singh Road,
Rancho Dominguez, CA  90220
359 Broadway
246 W. Willow St.
Avenida Puerta de Hierro, s/n
Horsefair,Pontefract
KY16 9QT
541Sussex Drive
4520 E 3rd Street, East Los Angeles
North Haugh
Kingsway
40 Bentinck Street
38Nizami street
Kingsford Smith Drive,Eagle Farm
La Rue de la Pouclée et des Quatre Chemins
14 Boulevard de Strasbourg
Broadstone
Archway Road
vul. Grushevskogo, 1a (European Sq)
1 North Front Street
Darband,Zafaraniyeh,Tajrish,Valiasr Street
394-398 Collins Street
Hill Street,Saint Helier
Dingwall Road,Croydon,CR0 2NF
KY16 9TQ
Nathan Road×Jordan Road,Kwun Chung
Shchukino District
Buckingham Palace Road
(on grounds ofRideau Hall)
Kalastajatorpantie 1
1015 North Vermont Avenue
Kaluzhskaya Square
Oaklands Park,Chichester,West Sussex
212 S. 5th St.
Lisburn
3341 Southeast Belmont Street
Pui To Road×Tuen Mun River,Tuen Mun
34 W. Broad Street
Okruzhnoy Proyezd
Clonsilla
NearNgau Chi Wan Village,Ngau Chi Wan
HA9 8HP
Kingly Street
The Avenue
Kingsford Smith Drive,Pinkenba
Hall Drive, Hagley, Stourbridge,West Midlands, DY9 9LG
400 South Orange Avenue
Klosterstraße 1
Hung Shui Kiu
132 Stirling Terrace
337 Whitechapel Rd, London E1 1BU
4024 Radford Avenue
11901 South Crenshaw Boulevard
The Cut
6712 SE Milwaukie Avenue
3545 Pasadena Avenue,
5 Montague Close
Ceintuurbaan338
8-10 Perkins Street
Wui Cheung Road×Wui Man Road,Kwun Chung
11500 South Figueroa Street, Los Angeles, CA  90048
64 rue des Bouquinvilles
12000 Government Center Parkway
700 South Douglas Street
東京都中央区銀座四丁目12番15号
Southwark Street
1424Avenue J(between East 14th Street and East 15th Street)
HoxtonHigh Street
Kwai Hing Road,Kwai Chung
622 W Rosecrans Ave, Los Angeles, CA 90248
138 Barrack Street
* 7 rue Boudreau
710 E. Second Street
541 Amsterdam Avenue (between West 86th Street and West 87th Street),Upper West Side,Manhattan
Wilton Road
2750 American Avenue
Rupert Street
38 Commerce Street
115 Auditorium Circle
2 Avenue de Neptune 94100Saint-Maur-des-Fossés,Val-de-Marne
17 Barrow Street (between Seventh Avenue South andW 4th Street), Manhattan
159 Oxford Terrace
3844 Schiff Drive
Albion Street,Castleford
Sokolniki District
150 West 65th Street
47-49 Station Street
Malaya Filyovskaya Street,
Azcapotzalco,Mexico City
Atatürk Bulvarı 2
Fire trail,Avon
10337 Whyte Avenue
2735 East Burnside Street
13John Mackintosh Square
Corneliu Coposu Bulevard, Thick Tower, Sibiu, Romania
Krasnoprudnaya street
1100 Tuacahn Drive
30Charing Cross Road
452 1/2 W Manchester Ave
122B Stirling Terrace
1a Avenue Road, London, N15
Pak Shek Kok
Pond Square,Sheffield City Centre
Rotherham
2540 N.Lincoln Ave.
Deep Bottom, offA27,Patcham
3403 Milam Street
Manila Drive and Ellis Street
Kuntsevo District
1809 Southwest 11th Avenue
Fredericton, New Brunswick
520 W. Main St.
17 The Octagon
Bank Hey Street
Angeles Crest Highway
251 Menlove Avenue,
1 Holdsworth Street
Husova 200/16, 602 00 Brno-střed
Seaside Road
West Street
6008 WestIrving Park Road
Arroyo Seco−Montecito Heights,
Rushey Green
Moscow Oblast
Wellingsbütteler Weg 75
Severnoye Butovo District
Tung Chung
150 promenade Ridge