San Jose, California
Udaipur
Great Falls, Montana
Indore
Iron County, Utah
Can Tho
Batavia, New York
San Jose
Eugene, OregonEugene
Waynesboro, Virginia
Montserrat
Walden, Colorado
Belo Horizonte
Rodney District
extends from Waterford through Fort Edward to Whitehall
Palmdale, California
San Francisco Bay
Glens Falls
Nashville
*
,
Lower Providence and Upper Merion Townships
Utahn, Utah
Kırşehir
1
Lyman, Wyoming
Canastota
Salina, Utah
Clyde Township, Allegan County, Michigan
Klamath Falls, Oregon
North Seminole
Ada, Oklahoma
Morristown, Tennessee
London, England
=
Glenwood vicinity
1000
Owen, Wisconsin
Montpelier, Vermont
Galway
Burlington, Vermont
Long Beach, CaliforniaLong Beach
Clovis, New MexicoClovis
Sé (Angra do Heroísmo)
Basel
Örebro
Chignik, Alaska
Osieki Lęborskie
Beaver Dam
Laureldale, Pennsylvania
b
Cape May Court House, New Jersey
Bronx Park
Lyon
i
Port Townsend
Hastings
Ingolstadt
Allentown, Pennsylvania
Dominek
Lytham St Annes
Changzhou
Myton, Utah
Ligao
Oklahoma City, Oklahoma
Pontypridd
in Indianapolis, Indiana
Gościnino Wejherowskie
Bendery
Cherkassy
Niepoczołowice
Guinobatan
Mount Pocono, Pennsylvania
Sha Tin District
Albion, Gaines, Holley, Medina, Murray, Ridgeway, Shelby
Wilmington
Oswego vicinity
Scipio, Utah
Serreta (Azores)
La Grange, GeorgiaLa Grange, etc., Georgia
Brevard, North Carolina
Dover Plains, New York
Człuchów County
Southaven, Mississippi
Barcelona
Rama, Ontario, Canada
Elkins, West VirginiaElkins
Uppsala Cathedral
Tijuana, Baja California
Bennington, VermontBennington, VT
Village Green-Green Ridge, Pennsylvania
Łubiana
Kemi
Komnino
Mankato, Minnesota
Festus, Missouri
Old Harbor, Alaska
Altamont vicinity
Östersund
Pontiac, Illinois
Canterbury
Salt Lake City, Utah
Pasadena, California
Burke and Wills Junction
Brooklyn
Waynesboro vicinity
Manila
Corning , New York
Kuala Lumpur
Cape May, New Jersey
Sevier County, Utah
West Virginia
Palmachim and Yavne
Greenville, North CarolinaGreenville
Pawling , New YorkPawling, NY
London Borough of Newham
Baja California
Amenia
Lausanne, Vaud
Floyd, Lee, Marcy, Remsen, Rome, Sylvan Beach, Trenton, Utica, Verona, Western
Newport vicinity
Springfield, IllinoisSpringfield
Staples vicinity
Winston-Salem, North CarolinaWinston-Salem
New York
Nagoya
Kent
South Louisville
Minnesota
Arena at Gwinnett Center
Juab County, Utah
Cochran, Georgia
Santa Clara, California
Bern and Spring Townships
St. Augustine, Florida
Oroville, WashingtonOroville, WA
Mexicali, B.C
Chickasha, Oklahoma
Montgomery, Alabama
Brooklyn & Brookville
Hamburg, Pennsylvania
Casablanca
Cheektowaga, New York, United States
Henefer, Utah
Belgaum
Otterlo, Netherlands
Fujian
Kirksville, Missouri
Newark vicinity
Cambridge, Ohio
Granite Falls vicinity
Downtown Brooklyn
Osława Dąbrowa
Bisbee, Arizona
Nashua, New HampshireNashua
Ponca City, Oklahoma
Montana
Guelph
Kentucky
Onondaga (tribe)
Ghana
Beowawe, Nevada
in Phoenix, Arizona
Taganrog
Jönköping
, Brisbane
Mount Abu
Wellington, Ontario, Canada
Leadville, Colorado
Starrett-Lehigh Building
Leechburg
Esslingen am Neckar
Oromocto
Harare
Baguio
Ruston, Louisiana
Wells, Nevada
Los Angeles, California
Lancaster, Ohio
Denver
Toronto, Ontario
Dublin 8
Belfort
Hillsdale
Fairbanks
Kansas City, MissouriKansas City
Wanship, Utah
Kolbudy
Rio Rancho, New Mexico
Dallas, Texas
Brescia
Tropic, Utah
Julesburg, Colorado
Bridgetown
San José
Bardia
Lake Charles, LouisianaLake Charles
Lakewood, New JerseyLakewood
Lancaster, Pennsylvania
Washington, Indiana
Sleeping Bear Dunes National Lakeshore
Lockhart, Texas
Portland, Maine, United States
Barcelona, Spain
Bedford, PennsylvaniaBedford, etc., Pennsylvania
Fort Worth, Texas
Jonesville vicinity
Goleta, California
Grande Prairie
San Jose, California, 2008
Waywayseecappo First Nation
Harrisonburg, Virginia
Augsburg
Vishakhapatnam
Antimony, Utah
Port Louis
Seaside, Oregon
Paris, Texas
Caracas
Cayuga Heights, New York
Bethlehem, PennsylvaniaBethlehem
Ontario
Chattanooga, TennesseeChattanooga
Blokzijl
Rio Verde, Arizona
Godętowo
Madolenihmw
Ashland, Pennsylvania
Cortland, New York
Klaipėda
Sebulu
Nisula vicinity
Framingham
Thetford Mines
Livingston
Kinston, North Carolina
Racine, WisconsinRacine
Albuquerque, New Mexico
Knoxville, TennesseeKnoxville
Woodland, Utah
Łapino
in St. Louis, Missouri
Windsor, VermontWindsor, VT
Manistee, Michigan
One Liberty Plaza
Wilcox
Overveen
Appleton
Frankfort Hill vicinity
Aberdare
York, Pennsylvania
Bradford
Flin Flon
Kalamazoo
Portsmouth, VirginiaPortsmouth
Reynolds, Georgia
Camarines Sur
Spotsylvania Courthouse, Virginia
Garrison, Utah
Derry
St. John's, Newfoundland and Labrador 1
Slatiňany
Middletown, Delaware
Arlington
Crystal Valley, Georgia
Vreeland
Village
Brattleboro, VermontBrattleboro, VT
Hudson, New York
Hachiōji, Tokyo
Webster Springs, West VirginiaWebster Springs
Huntington, West VirginiaHuntington
McKinley vicinity
Shropshire
Kearney, Nebraska
Sydney
Tempe
Blackwood, WalesBlackwood
Blanding, Utah
Paris, France
Christchurch
Cork (city)
Brewster, WashingtonBrewster, WA
Parkersburg, West VirginiaParkersburg
Kartuzy
Union
Springfield, MissouriSpringfield
West Lebanon, New Hampshire
Sweden
Scituate, Massachusetts
Tazewell, Virginia
Sylva, North Carolina
Smyrna vicinity
Bytów
Helsinki
Lemon Grove, California
Fort McMurray
Walton-on-Thames
Wisconsin
Sioux Falls
Zanesville, Ohio
Long Beach, California
Landover, Maryland
Norfolk, VirginiaNorfolk
Heilbronn
Chillicothe, Missouri
Bloomsburg
Watkins Glen, New York
Marianna
Elliot Lake
Greensboro
Oslo, Norway
Louisville, Kentucky
Orangeville, Utah
Tsetserleg (city)
Cape Town
Pikeville vicinity
Ball Hill
Karlstad
Moreton Bay Region
Bristol
Modena, Utah
Ifugao
Temerin
Hilton Head Island, South CarolinaHilton Head Island
Johnsonville vicinity
Przebędowo Lęborskie
Norfolk, Virginia
Garfield County, Utah
Darien
Surat
Shenyang 沈阳
Bratislava
Casper, Wyoming
Safford, Arizona
Sinclair, WyomingSinclair, WY
Moreau vicinity
Zaragoza
Caledon, Ontario, Canada
Chenango Bridge, New York
Pune
Wolinia
Villach
Athens vicinity
Glasgow, Scotland
Wilmington, Delaware
Oconee
Dennis
Wamena
San Juan, Puerto RicoSan Juan
Newton, Kansas
Omaha
Northcentral
299
Manama
Jersey City, New Jersey
Waynesboro, Georgia
Whangarei
Harmar Township and Plum
Avellaneda
Frankfurt, Germany
North Yorkshire
Greene, New York
York, UK
Fort Benning
Lufkin, Texas
Interlochen, Michigan
Miami
Barrancabermeja
Ephrata, PennsylvaniaEphrata, PA
Litchfield, Morris, and Washington
Daly City
Boerum Hill
Queens – New York City
Savannah, GeorgiaSavannah
Charlottetown
Chenab Nagar
Hammondsport vicinity
Utah
Greece
Tempe, Arizona
O'Fallon, MissouriO'Fallon
Petersburg, West VirginiaPetersburg
Waycross, Georgia
EC postcode area
Perrysburg, OH
Enid, Oklahoma
Ayr
Roseburg, Oregon
Lafayette, Louisiana
Green River, Utah
Dawson City
Wejherowo
Lower Frederick Township vicinity
Athens
Frankfort, Kentucky
Oakville, Ontario, Canada
Kamienica Królewska
Anderson, South Carolina
Salina, Kansas
Soda Springs, Idaho
Kimilili
Atoll
Ceentral
West Monroe
Klęcino
Coalville, Utah
Miami Beach, Florida
Brighton vicinity
Straffan
Piscataway
Ojai
Cooperstown vicinity
Monroe, Wisconsin
Kingston and Port Ewen
Sioux Falls, South Dakota
9000
Choczewo
Amsterdam
San Antonio, Texas, U.S.
Maharashtra
Clifton Park and Halfmoon
Reblino
Yakutat, Alaska
Croatia
Belpre, Ohio
Wakarusa, Indiana
Aurelius, Brutus, Cato, Conquest, Mentz, Montezuma
Prairie du Chien, Wisconsin
Buckingham and Wrightstown Townships
Warwick, New York
Lahti
New York City, USA
Plzeň
Chelan, Washington
Christiansburg, Virginia
East Riding of Yorkshire
North Miami, Florida
Prescott, Arizona
Hermosa, South Dakota
e State Park
City of Lake Macquarie
Placitas, Sandoval County, New MexicoPlacitas, New Mexico
Hayward vicinity
Trenton, New JerseyTrenton
Bay Village
Nara Prefecture
Pulaski, Virginia
Niles, Ohio
Green Bay (Lake Michigan)
Cornwall and Highlands
Terrassa
Manaus
New Zealand
Conestoga and Martic Townships
Gillette, WyomingGillette, WY
Marijampolė
Bralorne
Haditha
Dunedin, Florida
Bulloo Shire
Wilmette
Richmond, KentuckyRichmond
Hagensborg
Clarksville, TennesseeClarksville
York
Tupelo, Mississippi
Elizabethton, Tennessee
Cleveland
Troy, New York
Mobile Bay
Lima
Beaver Dams vicinity
Beaver Falls vicinity
Faichuk
Niagara Falls, Ontario, Canada
Grande Cache
Ocean City, Maryland
Mora vicinity
Hauppauge, New YorkHauppauge, NY
Cork
Reading, PennsylvaniaReading
Cincinnati, Ohio
Enterprise, Utah
Meridian
Danville
Manchester
Herminie
Lindfield, West Sussex
Milwaukee
Clinton, CT
Mojusz
Atlantic Beach, FL
Strathmore
Dzierżążno
St. Johnsville vicinity
Neighborhood/Region
Linz
Winnsboro, South Carolina
Maasbracht
New York,
Amherst, Nova Scotia, Canada
Abingdon
Rēzekne
Wilton and Ridgefield
Golden Grove
Laredo, TexasLaredo
Newfoundland and Labrador
Garczegorze
Danbury
Dowhill
Princeton
L'Annonciation
Spartanburg, South Carolina
Little Acres, Arizona
Wexford, Ontario, Canada
Mansfield, Louisiana
Reno, Nevada
Sivas
Timmins
Fresno
Austin, Texas, United States
Dhaka University
Twin Valley vicinity
Barre , Vermont
Mount Holly Township, New Jersey
Buffalo, New York, United States
Maryland
Nolby
Louisiana Superdome
Rozłazino
Sherbrooke
New Bern, North Carolina
Woodbridge, Virginia
Leszno Kartuskie
North Huntingdon
South Bend, Indiana
Mumbai
Bareilly
Cortez, Colorado
Phoenix, Arizona
Koyali
Durham, North Carolina
Deerfield, Massachusetts
Dawson Creek
Middlebury, VermontMiddlebury, VT
Disraeli, Quebec (city)
Peachtree City
Chattanooga, Tennessee
Cottage Grove, Oregon
Baraga, Michigan
Budapest  and across the EU countries
Cypress
Nueva Vizcaya
Ibaraki
Normandy and Glen Echo Park
Osaka
Port Elizabeth
Monterotondo
Not applicable
Torrington, WyomingTorrington, WY
Kahoolawe
Wilkes-Barre, Pennsylvania
Cleveland, Ohio
Winnetka
Royal Borough of Greenwich
Buffalo, WyomingBuffalo, WY
Sargodha
Zvečan
Copenhagen vicinity.
West side of the U.S. Capitol
Omaha, NE
Lexington, KentuckyLexington
Alexandria
Lędziechowo
Beacon, New YorkBeacon, NY
Fresno, CaliforniaFresno
Songsong
Brooks
Bettendorf vicinity
Fabius, New York (village)
Independence, MissouriIndependence
Prospect Lefferts Gardens
Erith
McMurray
Burlington, North Carolina
Mannheim
Summit County, Utah
Sofia
Widzino
Malad City, Idaho
Vatican City
Logan, West VirginiaLogan
Sansepolcro
Peoa, Utah
Minneapolis
Rouen
Janesville, WisconsinJanesville
Fairfield, Connecticut
Ancaster, Ontario, Canada
Medway
in Tampa, Florida
Yorkton
Kerrville, Texas
in Charlotte, North Carolina
Elmira, New York
Porirua City Council
Warminster
Hartford, Connecticut
Brusy
Dartford
Waco
Nottingham
Vyasarpadi, Chennai
Henderson, NevadaHenderson
Crozet, VirginiaCrozet
Samtredia
Adirondack Park
Stříbro
Poitiers
Paducah
Düsseldorf, Germany
Fredericksburg
Blue River
Tooele, Utah
Preston, Idaho
Jonesboro, Arkansas
Florida
Lenox, Sullivan
Brunswick, Georgia
Rybno Kaszubskie
Canada
El Centro
Fairmont, West VirginiaFairmont
Grand Island, New York
Rhinebeck, New York
Columbus
Cologne
Sombor
Adelaide
Deseronto, Ontario, Canada
Cuddebackville, Deer Park, and more
Malone vicinity
Hobart
Vischer Ferry vicinity
Penn and Rapho Townships
Smederevo
České Budějovice
Banja Luka
Lower Tank Bund Road, Gandhinagar Post, Hyderabad 500 080, Andhra Pradesh. Telephone: 91 040 2761 3892
Storrs
Wichita, Kansas
Hobbs, New MexicoHobbs
Branford and Guilford
Spain
Nunavut
Laredo, Texas
Chevy Chase
Lake Forest
High Point, North Carolina
Beaver County, Utah
Albany, Georgia
Oklahoma City
Conroe
Columbia, Tennessee
Port Hedland
Timmins, Ontario, Canada
Rutland , VermontRutland, VT
Brooklyn and Killingly
Bridgeton, New Jersey
Toa Baja
City of Halifax
Cedar City, Utah
Juab, Utah
Stara Piła
Ba Chẽ
Cold Spring vicinity
Zagreb
Bern, Biel, Burgdorf, Magglingen, Zollikofen
Kasilof, Alaska
Kostroga
Rouyn-Noranda
Trenton, New Jersey
East Haddam and Lyme
Berlin
Von Braun Center
Bukidnon
Greendale vicinity
Aguascalientes
Meetinghouse Green vicinity
Hendersonville, North Carolina
Laussane, Switzerland
Edmonton
Cocoa Beach
Columbia, Mississippi
Eastern Midland County
El Dorado, Arkansas
Dieppe, New Brunswick, Canada
Tachov
Maine
Ball State University
Pasadena
Etna, California
Orillia
Brookfield, East Brookfield, Leicester, Northborough, Shrewsbury, Spencer, Warren, and West Brookfield
San Bernardino, California
City of Logan
Tularosa, New Mexico
Vienna
Edinburgh
Hagerstown, Maryland
Fefan
San Marcos
Cái Rồng
Wellerlooi
Charleston, Illinois
West End
Brighton
Lipusz
Little Falls
Tiên Yên
Habbaniyah
Alice Springs
Otterlo
ikeji ara-keji
Sremska Mitrovica
Wolf Point, MontanaWolf Point, MT
Northern Beaches
Norway
Bahrain Financial Harbour
Everett, Washington
Goodyear, Arizona
Brighton, Brockport, Chili, Clarkson, Fairport, Gates, Greece, Henrietta, Ogden, Perinton, Pittsford, Spencerport, Sweden
Lakeland, Florida
Madison Square Garden in New York City, New York
Kanab, Utah
Englewood
Denver, Pennsylvania
Charles Town, West VirginiaCharles Town
Sierra Vista, Arizona
Redmond, Oregon
Spokane
Port O'Connor, Texas
Douglas, AZ-S
Dayton, OhioDayton
South Goldsboro, North Carolina
Dar-es-salaam
Collingswood, New Jersey
Helena, MontanaHelena, MT
Cayuga Heights and Ithaca
Beursplein 5, Amsterdam
Kodak, Tennessee
17
Littleton, New HampshireLittleton
Wanakena
Vranje
Atlanta, Georgia
Originally Kensington currently located at Alexandria, Minnesota
Clearwater, Florida
Creston
Georgia
Pepsi Center
Idaho
Nacka
21
Carmel
25
26
Wilmington, North Carolina
Telangana
Lębork
Target Center in Minneapolis, Minnesota
Lead, South Dakota
Lakewood and Rocky River
Taguig
Huntsville, Utah
Long Valley Junction, Utah
Manila, Utah
Maupin, Oregon
Gainesville, Virginia
Docked at Saint George
Fallon vicinity
Gothenburg
32
6021
Boise, Idaho
Bairiki
Bensalem
Baton Rouge, LouisianaBaton Rouge
37
Shanghai
Muskegon
Bhubaneswar
Pompey Center, in Pompey
Hawaii
Saranac Lake
Originally Ölsta, currently located at Skansen, Stockholm
Dąbrówka Bytowska
Summit vicinity
Dansville, Livingston County, New York
Kołczygłówki
Kingston upon Hull
Australia
Mansfield and Windham
University of Louisville
Anniston, Alabama
WC postcode area
Mendenhall Valley, Alaska
Gutowiec
& a large area to the west
Frisco, Texas
Colbert Heights, Alabama
South Philadelphia, Pennsylvania
Choczewko
Greenville, Texas
Baton Rouge, Louisiana
Ghatshila
Oslo
Liverpool
Ludvika & Västerås
Brentwood
Plymouth, New HampshirePlymouth
East Boston
Akbarpur, Tanda, Jalapur, Rajesultanpur, Baskhari
All-Russian Exhibition Centre
Silver City, New Mexico
Richfield vicinity
63
Kaycee, WyomingKaycee, WY
Dhanbad
Hidalgo, Texas
unlicensed
Petit-Lancy
St. Louis Park, Minnesota
Goose Creek, South CarolinaGoose Creek
Isa Town
Kingston
Amway Centerin Orlando, Florida
Rochester, Minnesota
Trevi (rione of Rome)
North End Road
Bukowo Człuchowskie
Winnipeg
Pine City vicinity
China
Lower New York Bay
Puerto Berrío
Potter Hollow vicinity
Inglewood, California,
Lamar vicinity
Shiyan
McKeesport
Kagman III Homestead
Asheville, North Carolina
Philippines
Erie, Pennsylvania
Thiruvanthapuram
Summerdale, PennsylvaniaSummerdale, PA
Hanksville, Utah
Kinsley vicinity
Cedar Village
Saskatoon, Saskatchewan
Prospect Park (Brooklyn)
Henderson, North Carolina
Colonie, Cohoes
Wrocław, Poland
SAP Center
Wellsboro, Pennsylvania
Wilmington, North CarolinaWilmington
Huntington, Utah
Union, Oregon
Key Colony Beach, Florida
Pender Harbour
Florence
Selden, New YorkSelden, NY
Puerto De Luna
Sunbury, Pennsylvania
Mountain Lake vicinity
Fox Point vicinity
North Bronx
Bradford, Ontario, Canada
Jarinje
Staten Island
Manning, South Carolina
Grenoble
94
Sherbrooke, Quebec, Canada
Chile
Falcon Heights, Minnesota
Amsterdam, Netherlands
Boston
San Marino, California
San Francisco, CaliforniaSan Francisco
Athens, Georgia
Arlington County, VirginiaArlington
Trujillo Alto
Forestburgh vicinity
Hampton
Twin Falls, Idaho
Wojtal
Hong Kong, China
Norwich, New York
Belgium
Asiago, Veneto, Italy
Nagpur
Redland City
Springfield, Illinois
Słuszewo
Choćmirowo
George Town, Cayman Islands
London, Cambridge and Liverpool
San Clemente del Tuyú
-  -  -  -
Wallsend
Currently Oslo, originally Gran
Niagara Falls, New York
Smoothie King Center
Benxi
Oisterwijk
Rockingham, North Carolina
Victoria, British Columbia
Chico, California
Raleigh
Hackettstown, New JerseyHackettstown, New Jersey
Wittem
Chagrin Falls, Chagrin Falls Township, Hunting Valley, and Moreland Hills
Southern Pines, North Carolina
Potrero Point
Amarillo, Texas
Kemano
Mount Pleasant, South CarolinaMount Pleasant
Montréal-Est, Quebec, Canada
Radoszewo
Chapel Hill, North Carolina
Temwaiku
Björketorp
Balaton, Minnesota
Cody, WyomingCody, WY
Jamestown, North Dakota
Salisbury, Maryland
Enid
Kenai, Alaska
Linear through county from Spring Glen to Creeklocks
The Hague, Netherlands
Carrollton, Georgia
Bienne
Sundsvall
Krishnagiri
Hershey, Pennsylvania
City of Westminster
Visakhapatnam
Long Island City
Sheridan, Wyoming
Juneau, AK
Girona
Peoria, Arizona
Harrison, Arkansas
San Sebastián
Leidschendam
Hat Yai
Mishkeegogamang First Nation
Belconnen
Oakes, North Dakota
Dona Paula
Logan, Utah
Borrego Springs, California
Higashikurume
Oneonta, New York
Middle Grove vicinity
Jefferson Hills and South Park Township
Oregon
Mammoth Hot Springs, WyomingMammoth Hot Springs, WY
Pimpri-Chinchwad
Orlando, Florida
Red Lodge, MontanaRed Lodge, MT
Rekowo Lęborskie
Lewistown vicinity
Cecenowo
Montevallo vicinity
Huntington, West Virginia
Baltimore, Maryland, United States
Clarendon vicinity
Manzanola vicinity
Charlottesville, Virginia
Chilliwack
Slovakia
Allison Park
Oxford
Rîbnița
Uông Bí
Chitose, Japan
Steamboat Springs, Colorado
Havana, Cuba
Rhode Island
Salmon Arm
Miami-Dade
Austin, Texas
Canajoharie , New YorkCanajoharie, NY
Ciudad Universitaria
Pelham, Ontario, Canada
Hesse
Columbia, MissouriColumbia
Augusta, Georgia
Clinton, Tennessee
Męcikał
Stockton
Maesteg
Mead
Lingle, WyomingLingle, WY
Nawcz
Chalan Kanoa
Skagway, AK
Manchester, New Hampshire
Berkeley
Lakewood Township, New Jersey
Adelsö
Street
Washington, DC
Karsin
Berlin, Clinton, and Northborough, Southborough
St Petersburg
Hannacroix vicinity
Seattle
Stone Arabia vicinity
Luleå
Durham, North CarolinaDurham
Albay
Marine Park
Martinsburg, West VirginiaMartinsburg
Briançon
Santa Fe
Jasper, Alabama
Marshalltown, Iowa
Broadus, MontanaBroadus, MT
Los Angeles, CaliforniaLos Angeles
Muncy, Pennsylvania
Saint-Jovite
Canoga Park
AZ
Omak, WashingtonOmak, WA
BC
Willmar, Minnesota
Embrun, Ontario, Canada
Lillooet
Beek
Wierzchowo Człuchowskie
Dubois, WyomingDubois, WY
Lowell, Massachusetts
Pelham Bay Park
Atlanta, GeorgiaAtlanta
CA
Nevada
Indianola vicinity
Livingston, MontanaLivingston, MT
Rayside-Balfour, Ontario, Canada
Accomac, Virginia
Klang, Selangor, Malaysia
Haines, AK
Gloucester, Massachusetts
East Lampeter and Paradise Townships
Budweiser Events Center
Virginia Beach, VirginiaVirginia Beach
Quilmes
Michigan
in San Antonio, Texas
Originally Ballaqueeney, currently Manx Museum, Douglas
CT
Heber City, Utah
Stamford, New YorkStamford, NY
Deeside
DC
Cherry Valley vicinity
Göttingen
ChicagoChicago
South Jefferson vicinity
Eau Claire, WisconsinEau Claire
Gawler
Matewan, West VirginiaMatewan
St. Mary's City, Maryland
Warrensburg
Fairmount, New York
Girdwood, Alaska
Tokyo
Honolulu, Hawaii
Newport News, Virginia, United States
Foxborough, Massachusetts
in Cleveland, Ohio
Raminho
Kingston, Ontario, Canada
Bramalea, Ontario, Canada
Arcadia, Louisiana
Liaoning
Seminole, Oklahoma
Springdale, Arkansas
Vijayawada
Plattsburgh vicinity
Milwaukee, Wisconsin
Salaberry-de-Valleyfield, Quebec, Canada
Cleveland Heights and East Cleveland
Burke and Lyndon
Harrisburg, North Carolina
Beckley, West VirginiaBeckley
Paterson, New JerseyPaterson
Punton Achugao
Bluefield, West Virginia
Town & Country
Spring Glen, Utah
Tembakounda
Iserlohn
Charleston, West Virginia
Vineland, New Jersey
Vermont
North Bay, Ontario
High Wycombe
FL
Będziechowo
Harrisonville, New Jersey
Novi Pazar
Hildale, Utah
Ohatchee vicinity
Greybull, WyomingGreybull, WY
Monticello, New York
Ezzell
Isle Royale National Park
Medicine Hat
Umag
Brantford, Ontario, Canada
Astoria, Oregon
Karlsruhe
Tonowas
Amsterdam, the Netherlands
Lake Bronson vicinity
Resch Center
North Carolina
Camenca
Laguna
Winder, Georgia
Noosa
Saint Paul, Minnesota
Fredericton
Sault Ste. Marie, Ontario, Canada
Andalusia, Alabama
Barreiro
North Whitehall Township, Lehigh County, PennsylvaniaNorth Whitehall Township, Pennsylvania
Stavanger
Sturgeon Falls, Ontario, Canada
Malmö
Gilbertsville vicinity
Indianapolis, Indiana
Kraljevo
Gelsenkirchen, Germany
Champaign, IllinoisChampaign
Airai
IA
Bullhead City, Arizona
Quebec City, Quebec
Yuma, Colorado
in Rosemont, Illinois
Morton vicinity
Andrews, South Carolina
Shenzhen
Northern and Central Southwestern Ontario
Kansas City
IL
Neath
Islington
Beryl, Utah
Fredericksburg, Virginia
Fagatogo and Utulei
Port St. Joe, Florida
Sudbury and Thunder Bay
Gothenburg, Sweden
Hudson, New YorkHudson, NY
Bangkok
Abbeville
Oakland, Maryland
Southwest
400
John Day, OregonJohn Day
Wood Mountain, Saskatchewan
, ,
Lebanon, New Hampshire
Gitanyow
Nasiriyah
Toronto
Dunn, Louisiana
Rochester vicinity
Merseyside
Shijingshan Road 16th Beijing
Streetsville, Ontario, Canada
Moscow
South Carolina
St. Johnsbury, VermontSt. Johnsbury, VT
Tallahassee
Myriad Convention Center in Oklahoma City, Oklahoma
Decatur, Illinois
Clarksburg, West VirginiaClarksburg
Timika
Emigrant, MontanaEmigrant, MT
Barcelona, Catalunya, Spain
St. Joseph, MissouriSt. Joseph
São Bartolomeu de Regatos
Hook
USA
Manizales
KS
North Union and South Union Townships
Leicester
KY
Vientiane
Watertown, South Dakota
Argyle vicinity
Wilayah Persekutuan Kuala Lumpur
Escanaba, MI
Dover, DelawareDover, DE
Eureka, California
Naperville, IllinoisNaperville
Santa Cruz de Mompox
Pirot
Lethbridge
Centurion, Gauteng
Brockton, MassachusettsBrockton
Springfield and Whitemarsh Townships
Supaul
Iowa City
Billings
MA
Kenora
Sacred Heart vicinity
Winchester, Tennessee
MD
Guam
MI
Ruston, LA
Fort Wadsworth
Hines, Oregon
Wampsville, New York
Palmyra Township, Wayne County, PennsylvaniaPalmyra Township, Pennsylvania
Charleston, South Carolina
Des Moines, Iowa
Gloucestershire
Cruz Bay
Kiel Center
Lowell, MassachusettsLowell
Cornwall on Hudson
Las Cruces, New MexicoLas Cruces
West Haven, Connecticut
Bayamón
Burlington, New Jersey
NJ
West Malvern
Quanzhou
Bern
Delhi
Melbourne, London, Manchester and Jakarta
Frankfurt
Mingacevir
Marion, North Heidelberg, and Lower Heidelberg Townships
Damascus
New York City, New York
Ithaca
Lower Chanceford and Peach Bottom Townships
Żukowo
NY
Praha 6
Summer Island
Basseterre
Miami, Florida
Columbus, MontanaColumbus, MT
Bytów County
Hamilton
OH
Arecibo
Pforzheim
France
Detroit, Michigan
Lockport , New York
Ashland, Virginia
Lafayette, Louisiana, United States
Lake Michigan
Leh
Kenner, LouisianaKenner
East Meadow, New York
Gstaad
Umeå
PA
Rock Springs, Wyoming
Apalachin vicinity
Paterson, New Jersey
Indiana
Norwich, VermontNorwich, VT
Potsdam
Hudson vicinity
Upper Leacock and Manheim Townships
Đầm Hà
Whitby, Ontario, Canada
Bergville
Gonzales, California
Delft
Przytocko
Snyder
Logan City
London Borough of Westminster
Harrisburg, Pennsylvania
Lachine, Quebec, Canada
Owensboro, KentuckyOwensboro
British Columbia
Sebring, Florida
Cheadle
Koczała
Skagway, Alaska
Mandaree vicinity
Knoxville
Milan
Angoon, AK
Fagernes
Belleview, Florida
Lagrange, Georgia
Drexel Hill
New Brunswick
Bowling Green, OH
Abingdon-on-Thames
Fayetteville, North Carolina
Straszyn
Tacoma, Washington
Amman
Dubai
SC
Harlow
Düsseldorf
Dnestrovsc
Old Lyme
Northside
Pattersonville, New YorkPattersonville, NY
Big Flats, New York
Magangué
New Philadelphia, Ohio
Avola
Pincher Creek
Bath, North Carolina
University of Rajshahi
Terry, MontanaTerry, MT
Roanoke, Virginia
Baker, Oregon
Queens
Tuchomko
Aberdeen, South Dakota
New Mexico
Menahga vicinity
TN
Roswell, New MexicoRoswell
not applicable / not FCC-licensed.
Gakona, Alaska, United States
New Haven, Connecticut
Jamshedpur
Topanga Canyon
Central City
Waltham
Federal Way
Timrå Municipality
Macon, GeorgiaMacon
Naomikong Point, Bay Mills Township, Michigan
New Territories
Pręgowo Gdańskie
Salinas
Ocean City, New JerseyOcean City, NJ
Skänninge
Gillette, Wyoming
in Los Angeles, California
Braintree and Canton
Beloit, Wisconsin
Greensboro, North Carolina
Enterprise, NevadaEnterprise
Colonie, New York
Auckland Region
Greenville, South CarolinaGreenville
Texas
Hoog Soeren
Tuchomie
Jackson Hole, Wyoming
Czymanowo
Johnstown, Pennsylvania
Lenox
Worthing
Friern Barnet
St. Petersburg, Florida
Bournemouth, UK
Figueres
Eastlake, Ohio
Allstate Arena
West Turin vicinity
Hood River, Oregon
Mayadin
Netherlands
WI
Lugoff, South Carolina
Rawlins, WyomingRawlins, WY
Alaska
Moses Lake, Washington
Worcester Centrum in Worcester, Massachusetts
Teaoraereke
Messina
South Dakota
Rosh HaAyin
Kragujevac,
Columbus, OhioColumbus
Laurens, South Carolina
Bloomington, Texas
Battle Creek, Michigan
Memphis, TennesseeMemphis
Nottinghamshire
Colonia del Sacramento
Welland, Ontario, Canada
Cornwall and Sharon
Tunis
Rull
Duluth, Minnesota
Embarcadero (San Francisco)
Biesowice
Alfred , New York
Ruma
San Diego
St. Peters, MissouriSt. Peters
Garberville, California
Nevis vicinity
Mogollon Baldy
Jinan
Darwin, Australia
Columbus, Georgia
Ossining , New York
Catalonia
Barry, WalesBarry
Swindon, Wiltshire
Sarıyer
Worldwide
Fairfax
Parowan, Utah
Lower Providence, Skippack, and Worcester Townships
Detroit, Michigan,
Karachi
P.E. Trudeau Airport
Lexington, VirginiaLexington
Natchitoches, Louisiana
Knoxville, Tennessee
Hong Kong
Tenakee Springs, Alaska
Uliastai
Kailua-Kona, Hawaii
Gumieniec
Brockville
Montreal, Quebec
East Helena, MontanaEast Helena, MT
Oley
Ouderkerk aan de Amstel
Koosharem, Utah
Hazelwood, North Carolina
New Orleans, LouisianaNew Orleans
Nanjing
Lake Elmo
Portorož
Cashiers, North Carolina
Stafford County, Spotsylvania County, King George County, Caroline County
Sandy Springs, GeorgiaSandy Springs
United Kingdom
Sheridan, WyomingSheridan, WY
Sandia, New Mexico
Corvallis, OregonCorvallis
Ogden, Utah
Auburn, New York
Shelby vicinity
Jersey City, New JerseyJersey City
Richardson
Carnegie, Oklahoma
Conrad, MontanaConrad, MT
Zwartówko
Komoszewo
Highlands, North Carolina
Kozhikode
Woodbridge, New JerseyWoodbridge
Arrowhead Pond in Anaheim, California
Liptovský Mikuláš
Laurel, Maryland, USA
Plano, TexasPlano
Sokehs
Queanbeyan
Peoria
Anaheim, California
Wheaton vicinity
Walton, New York
Morgantown, West VirginiaMorgantown
Lawrence, Warren, and Washington
Farmville, Virginia
East End
Tasmania
Colstrip, MontanaColstrip, MT
Ventura, CA
Gunnison, Colorado
Hulst
Erie, PennsylvaniaErie
Coraopolis and Neville Township
Baton Rouge, Louisiana, United States
Lahore
Leesburg, Virginia
Glendive, MontanaGlendive, MT
Stroudsburg, Pennsylvania
Jordanville vicinity
Middlebury, Vermont
Mobile, Alabama
Lubnia
Toledo, OH
Burlington, Iowa
Komatke, AZ&ndash;Laveen, AZ
W postcode area
Houma, Louisiana
Moosic, Pennsylvania
Bagnor
Westwood
Gdańsk County
Alexandria, Virginia
Middletown
Albert Lea, Minnesota
Thorold, Ontario, Canada
La Salle Avenue
Shreveport, LouisianaShreveport
in Denver, Colorado
Peleliu
Sunrise Manor, NevadaSunrise Manor
Lawrenceburg, TN
Norwich and Sprague
Beaumont, Texas
Bradenton, Florida
Alpena Township vicinity
Strasbourg
Kekirawa
Nicoma Park
Orofino, Idaho
Florence, Oregon
Clarks Summit, Pennsylvania
South Orange
Gościęcino
Portland, Maine
Australian Capital Territory
Cleveland and Glen Arbor Townships
Cranbrook
Plymouth and Whitemarsh Townships
in Philadelphia, Pennsylvania
Hamburg, Germany
Bluff, Utah
Tartu
Coatesville, PennsylvaniaCoatesville, PA
Columbus, Texas
St. Leonard, Quebec, Canada
Ashland, Oregon
Rexford vicinity
New Castle
Pasco, Washington
Piriápolis
Remsen, New YorkRemsen, NY
The Dalles, OregonThe Dalles
Black Rock Desert
Askania-Nova
Tarpon Springs, Florida
Memphis, Tennessee
Kingston upon Hull, England
Maumee
Durban
Lancaster, California
Rutland
Lynchburg, Virginia
Lee's Summit, MissouriLee's Summit
Granby, Colorado
several cities
Podgorica
Columbia, South CarolinaColumbia
Yarmouth, Nova Scotia, Canada
Malibu, California
Girdwood, AlaskaGirdwood Valley, Alaska
Beaumont
Lakeview, OregonLakeview
Dorking
East Cleveland
Gregory, South Dakota
Atascadero
Windham and Mansfield
Puerto Rico
Orem, Utah
Syracuse, New York
St. Catharines, Ontario
Novi Sad
Loves Park, Illinois originally Rockford, Illinois
Borzytuchom
Pittsburgh, Pennsylvania
Houston, Texas
Oljeto, Utah
Lockport, Middleport, North Tonawanda, Pendleton, Royalton, Wheatfield
Bryn Y Baal
Kunsthistorisches Museum
Athens, GeorgiaAthens
Exeter
Williamsport, Pennsylvania
Cologne, Germany
Spokane Veterans Memorial Arena
Parma, OhioParma
Scaly MountainScaly, North Carolina
Brampton, Ontario, Canada
Blind River, Ontario, Canada
Juneau City and Borough
Vivint Smart Home Arena
Canton
Kruiningen
Harrisville and vicinity
Ilala District
Roosevelt vicinity
Lawndale
Lewisburg, TN
Johannesburg
Elko, Nevada
Slough
Linden, New Jersey
Auburn Hills vicinity
Malcolm W. Martin Memorial Park, East St. Louis, Illinois, United States
Irving, Texas
Majuro
Nairobi
Jackson, WyomingJackson, WY
Berkshire
Jilin
Ulm
Bristol, Virginia
Pateros, Washington
Various
Odenville, Alabama
Carleton-sur-Mer
Georgetown vicinity
Green Bay, WisconsinGreen Bay
South Cotabato
Sacramento
Evansville, Indiana
Zwolle
Mount Pleasant
Long Island
Rockford, IllinoisRockford
Brooklyn vicinity
Fort Scott, Kansas
Bryson City, North Carolina
Kingsport, TN
North Landing vicinity; Ellisburg
Italy
Geary
Blackstone, Grafton, Millbury, Millville, Northbridge, and Sutton
Roanoke, VirginiaRoanoke
Gleneden Beach, OregonGleneden Beach
Edinburgh, Scotland
Leicester, England
Piazza Pasquino, Rome, Italy
Smyrna, Delaware
Hamilton Township, Mercer County, New Jersey Hamilton
Foxfire, North Carolina
Amsterdam, Canajoharie, Fonda, Glen, Minden, Mohawk, Palatine and St. Johnsville
Windsor Terrace and Park Slope
Wellington City
Blackburn
Rotterdam
Washburn, Wisconsin
Or Prairie 215
Hearst, Ontario
Södertälje, Sweden
Groningen
Rytel
Boiling Springs
Sarnia
in Austin, Texas
American Airlines Center in Dallas, Texas
Kępice
Delta, Utah
Papakura District
Appleton, WisconsinAppleton
Kirschnerville vicinity
Lafayette
Park Rapids vicinity
Lewes, Delaware
Waterloo, Iowa
Estes Park, Colorado
Atikokan
Reidsville, North Carolina
Lone Star, Colorado
Centerville, Utah
Restricted
Madison, Wisconsin
Copenhagen
North Battleford
Harbor View, OH
Hays vicinity
Manistique, MI
Palmdale
Thakot
Belfast, Northern Ireland
New Ulm, Minnesota
Bakersfield, CaliforniaBakersfield
Lincoln, Nebraska
Fort Lee and vicinity
Rancho Cucamonga, California
Coeur d'Alene, Idaho
principally in New Scotland
Mitchell, South Dakota
Bloemfontein
Saskatchewan
Plainfield and Marshfield
in San Jose, California
Tullahoma, Tennessee
Garfield, Utah
Laurel, Mississippi
Worthington and Chesterfield
Lewiston, Idaho
Lenox and Stockbridge
Leesburg, Florida
Lemon, Alaska
LaSalle, Ontario, Canada
Springerville, Arizona
Necker Island (Northwestern Hawaiian Islands)
Ahmedabad
East Hants, Nova Scotia, Canada
Continental Divide of the Americas
Radnor, Pennsylvania
Hopewell and Shrewsbury Townships
Fort Erie, Ontario, Canada
LaGrange, Georgia
Williamstown, Massachusetts
Grand Portage, Minnesota
Surprise, Arizona
Cayce, South Carolina
settlement
Bangalore
Weloy
Burlington
City of Shellharbour
Nipigon
Guanajuato
Opelika, Alabama
Linköping
Cullercoats, North Shields, Tyne and Wear, NE30 4PZ
Northampton and Upper Southampton Townships
Baie-Comeau
Oakland, California
Banjska Banjska
Lee, Massachusetts
Dunstan Road, Old Headington
Torch Lake Township vicinity
Van Cortlandt Park
Tarranyurk
Pomysk
Ucluelet
Morehead City, North Carolina
Burlington, VermontBurlington, VT
Monroe and Oxford
Ashland, MontanaAshland, MT
Princeton, West Virginia
Rapperswil
Aberdeen
Dublin
Idgah Hills
Nearest Village
Akron, Ohio
Southfield
San Jose, CaliforniaSan Jose
Niestępowo
Nashville, Tennessee
Barnowo
Dyersburg, Tennessee
Beaver, Utah
Cambridge, MassachusettsCambridge
Kerala
King City, California
County Antrim
Statesville, North Carolina
Newport, Rhode Island
MunichChild Jesus
Plumstead and Tinicum Townships
Lexington, Kentucky
Tulsa
Van Andel Arena
Wildwood, New Jersey
Larsen Bay, Alaska
Onitsha
Friars Point, Mississippi
Ellenville, New York
Sitka, Alaska
Warrenton
Tennessee
Znojmo
Oberstdorf
Macau
Hoosick Falls vicinity
East Carbon County, Utah
Dayton
Sheffield, Illinois
Milford Haven
in Des Moines, Iowa
Tehran
Listowel, Ontario, Canada
Hamden vicinity
Madison, Alabama
Helena, Montana
Veternik
Salida, California
Established Perth, Western Australia,
Portland, Oregon, United States
Navajo Mountain, Utah
Salem, Oregon
Longueuil, Quebec, Canada
Paris
Lecanto
Los Angeles Sports Arena in Los Angeles, California
Melbourne, Australia
Santa Rosa, California
Terra Chã
Bavaria
Dededo and Yigo
Shalalth
Salisbury
Kurnool
Sorsogon
Lorain, OhioLorain
Tiraspol
Huntingdon vicinity
Lakehurst, New Jersey
Guangdong
Middelharnis
Grand Island near Munising
Warsaw
Wiarton, Ontario, Canada
St. Petersburg
Austin, TX
Wabush
Dothan, Alabama
Varied
Illinois
Madisonville, Texas
London
Gandhinagar
in Fairfax, Virginia
Obuasi
Besham
Enfield
Jeffers vicinity
Likiep Atoll
on City
Drenthe
Cochin
Louisville
Regalado Ave., West Fairview, Quezon City
Liberty, New YorkLiberty, NY
Guildford, Surrey
Mons Hadley
Astoria, OregonAstoria
Johns Creek, GeorgiaJohns Creek
Bryn Athyn and Lower Moreland Township
Key West, Florida
Wallabout Bay
Logan, Ohio
Florence, New Jersey
Vidor, Texas
Rio de Janeiro
see table in article
Union, Monroe County, West VirginiaUnion
Scranton, PennsylvaniaScranton
Liverpool, Merseyside L1 9BH
Montezuma Creek, Utah
Hamden and New Haven
Kake, Alaska
Wadesboro, North Carolina
Greeneville, Tennessee
Columbus, GeorgiaColumbus
Missoula, Montana
Nogales, Arizona
Kiev
Zurich
Melbourne
The Pas
Jiangmen
Clearfield, Pennsylvania
Dambulla
Frederiksted
Gatineau, Quebec, Canada
Quicken Loans Arena
Hinckley, Minnesota
Duchesne, Utah
Nowy Podleś
Morelos
Rochester
Calgary
Hilleshög
Downtown Montreal
Maramag
Buena Vista, Colorado
in Duluth, Georgia
Providence Civic Center
Bellinzona
Valjevo
East Sussex
Słosinko
Franklin and Menallen Townships
Jacksonville, Florida
St. James vicinity
Treasure Island (California)
Tirupati
BB&T Center (Sunrise, Florida)
Clear Creek, Utah
Masontown, Pennsylvania
Żelkowo
Edgmont, Middletown, and Upper Providence Townships
Americus, Georgia
Viña del Mar
in Loveland, Colorado
Nairobi County
Reykjavík
Holt, Australian Capital Territory
Bedford and Billerica
South Wales
Whiting, New Jersey
Richfield, Utah
Plano
Bowie, Maryland
Martic and Pequea Townships
Hamilton, New Zealand
Willemstad
East Nowra
New Jersey
Łękwica
Milwaukee vicinity
Jackson, Tennessee
Georgetown, South Carolina
Melekeok
Subalaya
Stojcino
Olmsted Falls and Olmsted Township
Elmira, Ontario, Canada
Longview
Sorel-Tracy
Örnsköldsvik
Fort Worth
Monterrey
Grayson, Louisiana
Pompano Beach, Florida
Peoria, Illinois
Nowra
Commerce, Georgia
Oxford and Perkins Townships
Lancashire
Macon
Leeds
Asotin, Washington
Valašské Meziříčí
Kebayoran Baru, Jakarta
Uppsala
Golden Gate Park
San Lorenzo
Brighton, Monroe County, New York
Coos Bay, Oregon
Kahuta
Pickering, Ontario, Canada
Metchosin
Harihar
Adams, Massachusetts
South Africa
Sault Ste. Marie, Michigan, United States
Kelowna
Little Rock, Arkansas
Virgin, Utah
Cheyenne, Wyoming
Łebcz
Park City, Utah
Lillehammer
Salt Lake City
Deming, New Mexico
West Sweden vicinity
Greater Sudbury
Randolph, VermontRandolph, VT
Nara
Ephrata and Warwick Township
Manchester, Vermont
Panguitch, Utah
Reno
Powell, WyomingPowell, WY
Louisiana
Largo
Portland, Oregon
Kirkcaldy, Scotland
Tofino
Lisewo Kaszubskie
Birmaharajpur
Towson
Saint Mary's, Pennsylvania
Užice
Prokowo
Elk River vicinity
Globe, Arizona
Wittenberg, Wisconsin
Central
Cameron, Missouri
Burns, OregonBurns
Hyderabad, TelanganaHyderabad
Welland, Ontario
City of Blue Mountains
Tel Aviv
Albion , New York
Rangely and Craig
Cut Bank, MontanaCut Bank, MT
Hedeby
Chatham, Ontario, Canada
Laytonville, California
Germantown vicinity
Naples, Florida
in Ashwaubenon, Wisconsin
Redding and Wilton
Attleboro
Biddeford, Maine
Orillia, Ontario, Canada
Victoriaville
Willow Springs and Lemont
Nakhon Ratchasima
Orchard Valley, Wyoming
Merthyr Tydfil
Styria
Aberdeen, North Carolina
Daytona Beach, Florida
Strzebielino Morskie
Geelong
Burgeo
Colombo
Westbrook and Deep River
Bozeman, MontanaBozeman, MT
Goldsboro, North Carolina
Sonora
Angoon, Alaska
Jackson Township, Monroe County, PennsylvaniaJackson Township, PA
São Brás (Praia da Vitória)
Chicago
Neiva
Metro Manila
Olney, Illinois
Mill Hill Village
Dubăsari
Northport vicinity
Mon Louis Island
Mount Kisco, New YorkMount Kisco, NY
Cambridge, Ontario, Canada
Milford, Pennsylvania
Conger vicinity
Laforge-2 generating station
New Iberia, Louisiana
Grand Junction, Colorado
Caldwell, Idaho
Chester, MontanaChester, MT
Belgrade
Trois-Rivières
Elbridge, New York (village)
Gaffney, South Carolina
Quebec City
Harrisonburg, VirginiaHarrisonburg
Hasselt
England
Clarkfield vicinity
Austin
Princeton, WV
Land 'O Lakes
Knob Noster, Missouri
Charleston, South CarolinaCharleston
Lafayette, LouisianaLafayette
Miechucino
Jaipur
Galveston, Texas
Walloon Lake
Nowy Targ
Hayang-Eup
Pittsfield, Massachusetts
Clarence, New York
Queens, New York
Hampton, VirginiaHampton
Dublin, Georgia
Evanston
Alden
Lisbon
Valletta
Salzburg
Góra Pomorska
Owensboro, Kentucky
Penticton
Alamogordo, New MexicoAlamogordo
Easton and Weston
Kotabangun
Buckhannon, West VirginiaBuckhannon
Seymour, Tennessee
Avery Hill Campus
Trois-Rivières1
Appleton, Wisconsin
Raleigh, North CarolinaRaleigh
Stuyvesant
Carney's Point, New Jersey, USA
Woking
Colborne, Ontario, Canada
Powałki
Libya
Estoril
Odense
Battle Mountain, Nevada
Ghent
Linden
United States Virgin Islands
North Dakota
Pluit
Moszczenica Pomorska
Somerset
Rostov-on-Don
Paradise, Nevada
Rensselaer, New York
Bolton, Vermont
Kloten
Headquarters in Melbourne
Bastrop, Texas
Panevėžys
Orlando
Raleigh, North Carolina
Coffs Harbour
Croghan vicinity
Montezuma, Iowa
South Williamsport, Pennsylvania
Mexico City
Buxton, North Carolina
Global
Cô Tô
Fredericksburg, Texas
Ely
Ashby vicinity
Millbrook vicinity
East St. Louis, Illinois
Melrose and Longwood
Fagleysville vicinity
Scranton, Pennsylvania
Menands and Albany
Alexandria, LouisianaAlexandria
Wendouree
Shelby, MontanaShelby, MT
Łękinia
Comstock Park, Michigan
Sheffield
Shevlin vicinity
Nashville, TennesseeNashville
Yountville
Bloomington, Utah
Amos2
New Bedford, MassachusettsNew Bedford
Huntsville vicinity
Washington, D.C. 20001
American Samoa
St. Thomas, Ontario, Canada
Vicinity of Jordanville
City of Ipswich
Alabama
Bayugan City
Fillmore, Utah
Willow Springs, Missouri
Grooms Corners vicinity
Pontypool
Carlisle, Pennsylvania
Palestine, Texas
Nephi, Utah
Colorado
Fishkill vicinity
Berazategui
Fresh Meadows through Oakland Gardens
Prince Edward Island
Round Rock, Texas
Thermopolis, WyomingThermopolis, WY
Kansas City, Missouri
Manoa
Moorhead
Jacksonville, FL
Ambrì and Piotta
Farmington, New MexicoFarmington
Crookston vicinity
Presidio of San Francisco
Thornhill, Ontario, Canada
Jiangsu
Hinxton
Bolder
Norte Pequeno
St. George, Utah
Community
Anyang, Republic of Korea
Earlysville, Virginia
Winnipeg, Manitoba, Canada
Bucharest
Tonasket, Washington
Everett, Medford, and Chelsea
Fulham, London
Wollongong
Shirley, New YorkShirley, NY
Lugano
Karur
Central Coast (New South Wales)
Gorman, California
Montpelier, Idaho
Pineville, Louisiana
Wellington
Mutare
Dove Creek, Colorado
Ivanpah, CA&ndash;Cima, CA
Great Barrington, MassachusettsGreat Barrington, MA
Amenia vicinity
Garcz
Navrangpura
Leamington, Ontario, Canada
Virginia
New York, New York
Birmingham, London
Springfield, MassachusettsSpringfield
Sumter, South Carolina
Chibougamau
La Pêche, Quebec, Canada
Mesa, Arizona
Davenport, Iowa
Stanford, MontanaStanford, MT
Szałamaje
St. Lawrence River
Aguadilla, Puerto Rico
Palma de Mallorca
Carlsbad, New MexicoCarlsbad
Lubbock
Bernardston, Massachusetts
Caineville, Utah
Tirana
Aimeliik
Miami, Florida, United States
Oran, in Pompey
St. Marys, Ontario, Canada
Wildersville vicinity
Colombo 04
Dayton, Ohio
Toledo
Coney Island
Leskovac
Lebel-sur-Quévillon
Baltimore, Maryland
Jamestown, New York
Wake Forest, North Carolina
Chambersburg, Pennsylvania
Birmingham, Alabama
Victoria (Australia)
Riyadh
Lexington
Obliwice
Gelderland
Słupsk
Fishkill , New York
Ojai, California
Washington, Utah
Jerzkowice
Hot Springs, South Dakota
South Brooklyn
Montezuma and Tyre
Eagleville in the towns of Jackson and Salem, New York
Keizer, Oregon
Bozeman
Malabar
Heber, Utah
Bensonhurst and Bath Beach
Oak Grove Butterfield Stage Station
Petersburg, Virginia
Breckenridge, Colorado
Gainesville, Florida
Dresden
Cullowhee, North Carolina
Coudersport, Pennsylvania
Stag Hill Campus
Ewell, Epsom
Kennewick, Washington
Elizabethtown, KentuckyElizabethtown
Mayfield, Utah
Green Bay, WI
Bend, OregonBend
Paderborn
Clinton, South Carolina
U.S. Virgin Islands
Malden, Melrose, Medford, Stoneham, and Winchester
Ephrata, Washington
Czersk
Shepperton
Ostrava
Vang
Bangalore eastern suburbs
Vani
Northwest
Garden View, Pennsylvania
Westminster, London
Leesport, Pennsylvania
Ticonderoga , New YorkTiconderoga, NY
Cleveland Heights and Shaker Heights
Los Angeles
Mansfield, Pennsylvania
Ryczewo
Mount Pleasant, Utah
Bonriki
Luzino
Aquila
Jalalpur
Rök
Private collection
Cincinnati
Staples Center
Jenkintown and Cheltenham Township
East Windham, New York
Łeba
Collegeville, Minnesota
Mink Creek, Idaho
Thane
Heflin, Louisiana
Corpus Christi, Texas
Sibiu
Nablus
Whitchurch–Stouffville, Ontario, Canada
Crum Creek vicinity
Osaka Prefecture
Horsham and Montgomery Townships
Mountain Home, Idaho
Elgin, IllinoisElgin
Auckland Council
Newark
Zuidlaren
Westfield, Massachusetts
Wellsville , New York
Talking Stick Resort Arena
Zhenjiang
Lower and Upper Makefield Townships
Massillon
Grand Island, Nebraska
Buckinghamshire
Rozel Point, Great Salt Lake, Utah
Bikenibeu
Kingsport, Tennessee
Manhattan, New York City
Fayetteville, North CarolinaFayetteville
Washington
Currently based in: Strahan, Tasmania
Kockelscheuer
Spokane, WashingtonSpokane, WA
Omaha, Nebraska
Newport, Kentucky
Bayankhongor
Dallas
Dease Lake
Varese, Italy
Bossier City, LouisianaBossier City
East Manchester and Newberry Townships
Newcastle, WyomingNewcastle, WY
Rancho Bernardo, San Diego, California
Jasper, Indiana
Lawrence
Enterprise, OregonEnterprise
Fleischmanns vicinity
Wells Fargo Center (Philadelphia)
Birmingham
Czech Republic
Pärnu
Ridgecrest, California
Tayabas
Khirdalan
Baie-Saint-Paul
North Charleston, South CarolinaNorth Charleston
Kaunas
Roswell, GeorgiaRoswell
Moretown and Waitsfield
Brisbane
Lake Buena Vista, Florida
West Fulton vicinity
Fuquay-Varina, North Carolina
Ludhiana
San Francisco, California, 2006–2007
Thompson Falls, Montana
Aurora, Ontario, Canada
Lewiston vicinity
St. Louis, MissouriSt. Louis
Kidapawan City
Berkeley, California, United States
Chattanooga
Colombia
Nottingham, England
Magadan, Russia
Bellefonte, Pennsylvania
Parma, Italy
Kolkata
Smooth Rock Falls
Eindhoven
Natchez, Mississippi
Arlee, Montana
Clifton Park, Halfmoon, Mechanicville, Moreau, Northumberland, Saratoga, Schuylerville, Stillwater, Waterford
Townsville
Luray, Virginia
Indianapolis
Sausalito, California
Fort Wayne, Indiana
Cambridge (Massachusetts)
the Alamodome
Eagle Bay vicinity
Stratford and Milford
Fillmore, California
Morrisdale
Upplands Väsby, Sweden
Dillon, MT
yes
Niš
Nassau Veterans Memorial Coliseum
Lake Champlain
Newberry, MI
Brooklyn Navy Yard
Marion
Bakkum
Rochester and Dover
Florence, Alabama
Loretto, TN
Ladbroke Grove
Malad, Idaho
Macon, Georgia
Rockland, Ontario, Canada
Marlow, Oklahoma
Adelanto, California
Mora (locality)
Marsing, Idaho
Shepparton, Victoria
Spencerport, New York
Mysore
Shawnee, Oklahoma
Flagstaff, Arizona
Greenville vicinity
Magnetic Island
Amiens
Colerain and Little Britain Townships
McCook, Texas
Williston vicinity
Connecticut
Bermuda
Fukuoka, Fukuoka
University of Pennsylvania
Soszyca
Hillsboro, Oregon, United States
Clinton, Iowa
Lowman vicinity
Santa Bárbara (Angra do Heroísmo)
Seoul
Ankeny
Saratoga Springs, New YorkSaratoga Springs, NY
Mayagüez
Tillamook, OregonTillamook
Kartoszyno
Island Pond, Vermont
Sprint Center
North East, Maryland
Paradise, NevadaParadise
Chicago, Illinois
Rosemont Horizon
The Hague
Przechlewo
Griffin, Georgia
Newington and Wethersfield
Jupiter, Florida
Columbia, TN
Fes
Quincy, MassachusettsQuincy
Devon
Berwick, Pennsylvania
Wrzeście
Reisbach
Quarryville
Albuquerque
Gdynia
Barnstable and Yarmouth
La Malbaie
Lihue, Hawaii
Austria
Pearl, Mississippi
Amalie Arena
Odisha
Memphis
Trondheim
Flint Hill, Rappahannock County, Virginia
Lansdale
Vila de São Sebastião
Catskill, New YorkCatskill, etc., New York
Stephenson, MI
Vail, Colorado
Murfreesboro, TennesseeMurfreesboro
Oegstgeest
Stockholm
in Huntsville, Alabama
Gunflint Lake, Minnesota
Apeldoorn
Mexican Hat, Utah
Scottsbluff, Nebraska
Oakland, CaliforniaOakland
Bailrigg, Lancaster, United Kingdom
Palm Coast, Florida
Mansfield
Yellowknife
East Hopewell, Fawn, and Lower Chanceford Townships
Monroe, New YorkMonroe, NY
Cleveland, Constantia, Fulton, Granby, Hastings, Minetta, Phoenix, Schroeppel, Scriba, Volney, West Phoenix
Cwmbran
La Guardia Airport
Bronx
São Mateus da Calheta
North Shore City
Ängelholm
Kırıkkale
Reston, Virginia
Bangladesh
Middletown, Orange County, New YorkMiddletown, NY
Elfin Cove, Alaska
Gmina Liniewo
Nova Scotia
Riddle, Oregon
New Hampshire
Boston, MassachusettsBoston
Kraków
Asheville
Tabwakea
Schuyler Falls, New YorkSchuyler Falls, NY
Jelgava
Grigoriopol
Hoofdplaat
Atlanta Georgia
Charleston
Guayaquil
Bury St Edmunds
Iqaluit
Peoria, IllinoisPeoria
Rexdale, Toronto, Ontario, Canada
Vršac
Newark, New JerseyNewark
National
Elma vicinity
Guangzhou
Sławoszyno
Colchester and Essex
Campbell River
Madras
Sąpolno Człuchowskie
Billings, MontanaBillings, MT
Apatin
Tabaco
Albany, New YorkAlbany, NY
Cannon Beach, Oregon
Akhiok, Alaska
California
Brooklyn Heights
Mississippi
Viera, Florida
Leacock and Paradise Townships
Bloomington, IL
Metairie, Louisiana
The University of Texas at Austin
Heeze
Mosby vicinity
Bronx Botanical Gardens
Leipzig
Monsey vicinity
Kikinda
Kamiah, Idaho
County Galway
Harrison and Mt. Pleasant
Originally Knoc-y-doonee, currently Manx Museum, Douglas
Beach Haven West, New Jersey
Western Australia
Ledberg
Needles, CA&ndash;Topock, AZ
Tromsø, Norway
Oklahoma
Orange Park
Edmonton, Alberta
Kętrzyno
Kokoszki
Hospet
Changchun
Guelph, Ontario, Canada
Summerville, South CarolinaSummerville
Originally Torsätra, currently at the Swedish State Historical Museum in Stockholm
New Orleans, Louisiana, United States
Southampton
Juneau, Alaska
Shepherd, Montana
Pierre, South Dakota
Orangeburg, South Carolina
Eufaula, Alabama
Montreal
Garapan
Old Orchard Beach, Maine
Great Neck, New York
Kensington, Prince Edward Island, Canada
Vaughan, Ontario, Canada
Rome
Hancock, New YorkHancock, NY
Portage la Prairie, Manitoba
Lower Beecher Hall, Jacksonville
Hopkinsville, KentuckyHopkinsville
Franklin, North Carolina
Woodsville and Bath
Inuvik
Henrieville, Utah
Nova Olinda do Norte
Redondo Beach
Samak, Utah
New York, United States
Highland, Ulster County, New YorkHighland, New York
North Highlands, California
Fort Mason
Thunder Bay, Ontario, Canada
Baghdad
Escanaba vicinity
Port Austin vicinity
Heidelberg
Russell, Minnesota
Kazan
Oswego, New York, United States
Northwest Territories
La Loche
2010
in Grand Rapids, Michigan
Levittown, PennsylvaniaLevittown
2006
Tornio
Šiauliai
Savannah, Georgia
Waterloo, Ontario, Canada
Centre and Ontelaunee Townships
Woodward, Oklahoma
International
Newmarket, Ontario, Canada
Oklee vicinity
Spring Valley, NevadaSpring Valley
Lancaster
Bonners Ferry, IdahoBonners Ferry, ID
Bargędzino
Sacramento, California
Cairo
Markham, Ontario, Canada
London Borough of Camden
Bečej
Krojanty
Minden, Louisiana
Nixburg vicinity
Driggs, IdahoDriggs, ID
Łąg
Golden Gate
Carpenter, South Dakota
City of Cessnock
Pembroke
Park City, UT
Fremont, Utah
Oshkosh, WisconsinOshkosh
Baker City, OregonBaker City
Lincoln
Metairie, LouisianaMetairie
Wellandport
Laketown, Utah
Georgetown
Hartwick vicinity
Carolina Beach, North Carolina
Kirkland Lake, Ontario, Canada
Morris, Minnesota
Mount Morris
Price, Utah
Warren, Pennsylvania
Gainesville
Madrid
Hearst, Ontario, Canada
Rock Springs, WyomingRock Springs, WY
Newbury , VermontNewbury, Vermont
Canberra
Cox Convention Center in Oklahoma City, Oklahoma
Worland, WyomingWorland, WY
Halifax Urban Area
Union Park, Florida
Juan Lacaze
Pensacola, Florida
North Little Rock, Arkansas
Elkridge
Haight-Ashbury
High Point, North CarolinaHigh Point
Iron Mountain, Michigan
St. Louis, Missouri
Vietnam
Harrisburg
Great Barrington, Massachusetts
Żabno k. Chojnic
Blountstown
State College, Pennsylvania
Billerica, Chelmsford, Lowell, Wilmington, and Woburn
San Marcos, Texas
Batesville
Town of Lake Pleasant vicinity
Vadstena
Owen Sound, Ontario, Canada
Greenfield and Gill
Brighton, Ontario, Canada
Fresno, California
Greenwich Campus
Slijkplaat
Williston, North Dakota, vicinity
Weston, Ontario, Canada
Huntsville, Ontario, Canada
Johnson City, TennesseeJohnson City
Hamden, Cheshire, and New Haven
Quarrier's Village
Gävle
North Liberty
Gulf of the Farallones
Uppsala University
Titusville, Pennsylvania
Saint Paul
Schulpforte
Bonneville Salt Flats
Woodbridge, Ontario, Canada
Havre, MontanaHavre, MT
Newark, New Jersey
Palermo
Belfast
Sycewice
Gaylord Entertainment Center
Mont-Laurier
Washington, D.C. and Vancouver
Flint, Michigan
Rio Rancho, New MexicoRio Rancho
Carmel, CA
Gniewino
Greenville, New Hampshire
River Pines, California
Staatsburg, Rhinebeck and Red Hook, also Columbia County
Mangalore
Carinthia (state)
New Delhi
Malden and Medford
Mažeikiai
741185
Itoshima, Japan
between Arinosa and Barro
Trenton, Ontario, Canada
Minneapolis, Minnesota
Bolton
Hutchinson vicinity
Hạ Long
Ann Arbor
United States of America
Bloomsburg, Pennsylvania
Colwyn Bay
San Diego, California
Arvada, Colorado
Norrköping
Currently Copenhagen, originally Snoldelev
Big Sky, MontanaBig Sky, MT
Calgary, Alberta
Lock Haven, Pennsylvania
Little Falls, Danube, Frankfort, German Flatts, Herkimer, Ilion, Mannheim, Mohawk, Ohio, Russia, Schuyler
Kwajalein Atoll
Winfield Township, DuPage County, Illinois, United States
Patna
North Adams, Massachusetts
Lugwardine
Albany, New York
Apex, North Carolina
Bożepole Wielkie
Eau Claire, Wisconsin
Covington, KentuckyCovington
Seneca Falls, New York
Twin Falls
Aberdeen, Maryland
Porirua
Black Eagle, Montana
Harrisburg, PennsylvaniaHarrisburg
Barcombe
Blantyre, Malawi
Cambridge
Kent vicinity
Eita
Puyallup
Holyoke, Colorado
Waynesboro, Pennsylvania
Kalpakkam
Unknown
Oskowo
Burns Commons, Milwaukee
Emery County, Utah
Mooresville vicinity
Moncton
Rupert, Vermont
Wray, Colorado
Wolverton vicinity
Philadelphia, PA
Humphrey, Ontario, Canada
394326
McPherson, Kansas
Cagayan
Laredo
Harbor Springs, Michigan
North Bethlehem and South Strabane Townships
Launceston, Tasmania
La Grande, OregonLa Grande
Cowansville
Youngstown, OhioYoungstown
Kostkowo
Vantharumoolai
Sunderland, VermontSunderland, VT
Yangon also known as Rangoon
Walker, Minnesota
East Hempfield and Manheim Townships
South Australia
Judbury
Reno, NevadaReno
Willcox, AZ-NW
Sumter, South CarolinaSumter
Des Moines
New Hope, North Carolina
Hornell, New York
Amstelveen
the HemisFair Arena
Sulphur, Oklahoma
Clovis, New Mexico
Little Falls, New York
Baltimore
Grand Gorge, New YorkGrand Gorge, NY
Lakeland
Ciudad Obregón
Osowo Lęborskie
Lethbridge, Alberta
South Bethlehem vicinity
Brooklyn, New York
Clayton, North Carolina
Philadelphia
Simsbury
Rodeo, NM-E
Forsyth, MontanaForsyth, MT
Gascons
New Orleans, Louisiana
Nescopeck Pass, Pennsylvania
West Hollywood, CA 90046
Blackpool
Thiruvananthapuram
Gangnam-gu
Ciecholub
Tuscaloosa, Alabama
Homer, Alaska
Johnsonville vicinity.
various locations
London, WC2
Central, Victoria City
Cooper Landing, AlaskaKenai River, Alaska
Winnipeg, Manitoba
Lewisburg, Pennsylvania
Sendai
Tulsa, Oklahoma
Elizabeth and Warwick Townships
Labrador City
Kannat Taddong Papago
Junction City, Oregon
Portland, OregonPortland
States of Palau
Bergamo
Etobicoke, Ontario, Canada
Hopkinton
Gadsden, Alabama
Doha
Bassett, Virginia
Centurion
Bribie Island
Fort Lauderdale, FL
Iroquois Falls, Ontario, Canada
Papineauville, Quebec, Canada
Nebraska
Sylhet
Russia
Hessle
Parry Sound, Ontario, Canada
Reutlingen
Phoenix
North Mitrovica
Milton, Ontario, Canada
in Nashville, Tennessee
Lewistown
Scotland and Sprague
Fayetteville
Winston-Salem, North Carolina
London Borough of Bexley
De Wolden
Overton, Nevada
Escalante, Utah
Fairlawn, Pulaski County, Virginia
Šabac
Kellogg, IdahoKellogg, ID
Florence, SC
Centreville vicinity
Happy Camp, California
Norwich, Connecticut
Eschborn, near Frankfurt am Main
Grand Forks
Zrenjanin
Galway - Castlebar - Cluain Mhuire - Letterfrack - Mountbellew
Winter Haven, Florida
Marathon, Florida
Rocky Mount, North Carolina
Kälsta
Antwerp
Las Vegas Valley
Montreal, Canada
Tatnuck, Massachusetts
La Grande-3 generating station
Cooperstown, New York
Istanbul
Branford and East Haven
Quảng Yên
Magdalen Islands
Munich
Reskowo
Hutchinson, Kansas
West View, Pennsylvania
Fishlake Resort, Utah
Myrtle Beach, SC
Nipomo
Bandar Seri Begawan
Bogor
East Jordan, Michigan
Redding, California
West Allis, Wisconsin
Slate Hill
Sheboygan, Wisconsin
McKees Rocks and Stowe Township
Kingston, New YorkKingston, NY
Giddings, Texas
Basingstoke
São Bento (Angra do Heroísmo)
Grand Rapids
Bačka Palanka
Bosch en Duin
Kantilo
Stourbridge
Collingwood, Ontario, Canada
Arcadia, Clyde, Galen, Lyons, Newark, Palmyra, Savannah
Stockport
Teasdale, Utah
Sri Lanka
Lumpkin, Georgia
Senta
Randolph, Utah
Spring Valley, Minnesota
Nieznachowo
Charlotte, North Carolina
Islamabad
Fort Lauderdale, Florida
Rome, Georgia
Penetanguishene
Richvale, California
Brewster, New YorkBrewster, NY
St John's
Twin Bridges, MT
Mandurah
Conseco Fieldhouse
Manchester, VermontManchester, VT
Rancho Vista Hermosa, Baja California, Mexico
Bridgeport
House#5, Road#12  31 , Dhanmondi R/A,Dhaka.
South Korea
Kula, SerbiaKula
Old Saybrook
Vaudreuil-Dorion, Quebec, Canada
Rose Atoll
Pleasant Grove, Utah
Trieste
Brussels
Japan
Bulawayo
Dundee
Pančevo
Daejeon
Niskayuna vicinity
Sepang
Lake Huntington
Plainfield and Sterling
Skokloster
Gdańsk
Toliszczek
Downsview, Ontario, Canada
Old Quad
Požarevac
Fort Myers, Florida
St. Catharines, Ontario, Canada
Kanpur
East London, South Africa
Ribeirinha (Angra do Heroísmo)
Newburgh, New York
Monroe, LouisianaMonroe
Hounsfield vicinity
Corning, New York
Athinon Avenue 110, Athens
Church Stretton
Sherbrooke1
Forest, Ontario, Canada
Dilworth, Minnesota
Church Square, Jagannaickpur, Kakinada 533 002, East Godavari District, Andhra Pradesh, India
Medway Campus
Incheon, South Korea
Llanelli
Orangeville, Ontario, Canada
Edmundston
St Andrew's
Ottawa
Austin, Minnesota
Tawęcino
Circleville, Utah
São Pedro (Angra do Heroísmo)
Trới
Bruges
Palaiseau
Amana, Iowa
Jalan Hang Tuah
Lindsay, Ontario, Canada
Pinedale, WyomingPinedale, WY
Freeman, South Dakota
Tanque Verde
Hanover
NW postcode area
Danville, Illinois
Karzcino
Willard, Ohio
Bluebell, Utah
Seneca Falls, Tyre, Waterloo
The Bronx
Yulee
Santa Clara, Utah
Cieplewo
Lake Superior
Bognor Regis
Goa
Wykosowo
Angeles City
Owen Sound
The southwest part of the county.
Shreveport, Louisiana
Hannover
CenturyLink Center
John Day, Oregon
Bridgend
Gosford
Foshan
Stoke-on-Trent
Bryanston
Port St. Lucie, Florida
Grand Forks, North Dakota
Fredericton Airport
Belt, Montana
Benoni
Laurinburg, North Carolina
Gypsum, Colorado
East Hempfield and Rapho Townships
Freeland, Pennsylvania
Kalamazoo, Michigan, United States
Polnica
Richmond, VirginiaRichmond
Glasgow
Geneva, New York
Jackson
Pendleton, OregonPendleton
Coatesville, Pennsylvania
Staines
Manukau
Krefeld
San Antonio, Texas
Cordele, Georgia
South Bronx
Perry
Crotona Park
Beckenham, Greater London
New Bedford, Massachusetts
Amwell and West Bethlehem Townships
Słupsk County
Springfield, Missouri
Cobourg, Ontario, Canada
Prusewo
Ooty
Kamloops
Milford, Utah
Perth
Vernal, Utah
Visalia, California
Multiple neighborhoods
London, England,
Subotica
Shandong
Scottsdale, Arizona
Leer vicinity
Greenville, South Carolina
Galesburg, IL
Melak
Reliance, WyomingReliance, WY
Lipuska Huta
St. Matthews
Downtown Los Angeles to Pasadena
Corpus Christi, TexasCorpus Christi
Winchester, VI
Mechanicsburg
Johnstown, Colorado
Caguas
Clun
Bicknell, Utah
Rosati, Missouri
Maap
in Kansas City, Missouri
Bryan, Texas
Tallinn
Waukesha, WisconsinWaukesha
Sarasota, Florida
Rouyn-Noranda2
Alytus
Zubin Potok
North Wales
Honolulu
Båstad
Pocono Pines, PennsylvaniaPocono Pines, PA
Xiangyang
Leźno
Township
Epsom
Augusta, New Jersey
Dover
Sinapalo
Hagerstown, MD
Eumseong Mungyeong Pennsylvania
San Francisco
Lublewo
Mesa vicinity
London,
Ogdensburg vicinity
Sandusky, Ohio
São Paulo
Benguet
Rumsko
Colorado Springs, Colorado
Waitakere
Eureka, Utah
Laramie, WyomingLaramie, WY
Guaynabo
Table Top
Bonners Ferry, Idaho
Hato Rey
Thunder Bay
Clayton vicinity
Nicosia
Brownwood, Texas
Iriga
Vidisha
Torrey, Utah
Oshkosh, Wisconsin
Plymouth
Shelburne, Ontario, Canada
Kohtla-Järve
Columbia, South Carolina
Tianjin, China
Kapellebrug
Carolina, Puerto RicoCarolina
De Ridder, Louisiana
Quezon
Manitoba
Preston
Bristol, TN
United States
Carbondale, Pennsylvania
Langley
Frog Level, North Carolina
East Donegal Township, West Hempfield Township, and Marietta
Busan
Fish Lake Resort, Utah
Naples
New Orleans
Staten Island, New York
Auckland City
Dziemiany Kaszubskie
Rockville, Utah
Tyne and Wear
Kalisz Kaszubski
Swochowo
Youngstown, Ohio
East Pittsburgh and North Versailles Township
Marysvale, Utah
Mönchengladbach
Newport News, VirginiaNewport News
Morgan, Utah
Libby, Montana
Malaybalay City
Albuquerque, New MexicoAlbuquerque
Southampton , New YorkSouthampton, New York
Lešak
Scofield, Utah
Glasgow, MontanaGlasgow, MT
Balmatta, Mangalore - 575001
Strzebielinko Lęborskie
St. Marks, Florida
Glens Falls, New YorkGlens Falls, NY
Vila Nova (Praia da Vitória)
Leposavić
Fruitland, Utah
Charleston, West VirginiaCharleston
Clarksville vicinity
Kakanj
Sainte-Anne-de-Beaupré
Seville
Niezabyszewo
Greenville, North Carolina
Schoorl
Accra
Bethlehem, Pennsylvania
Schalkham
Stirling
Madison, WisconsinMadison
McAllen, Texas
Butchertown and Clifton
Ingraj Bazar
Aurora, IllinoisAurora
Johnson City, TN
Warwick and West Earl Townships
Lichfield, Staffordshire WS13 6HR
Winona, Minnesota
Dover, Delaware
Bromley, London
Sevilla
Florence, KentuckyFlorence
Grand Army Plaza
Ech Cheliff
Madison
China Lake, Kern County, California
South Lyon
Bensonhurst
Big Springs vicinity
Modesto
Fall River, MassachusettsFall River
Jeju Metropolitan
Yankton, South Dakota
Rochester, New York
French Quarter of New Orleans
Santa Barbara, California
Karrada
Westport
Marrakesh
Huntsville, Arkansas
Saskatoon
Ausable Chasm
Statewide
Dargoleza
Futog
La Plata
Santa Barbara
Mexico
Hood River, OregonHood River
Indjija
West Yorkshire
Houston
Crystal River, Florida
Whitby, United Kingdom
Bowling Green, KentuckyBowling Green
Bowmanville, Ontario, Canada
Shimla
Rindge
near Edmonton
Bali
Park Rapids, Minnesota
Tucson, Arizona
Roszczyce
Baku
Newcastle Upon Tyne,  England
Fargo
Santa Fe, New MexicoSanta Fe
Canton, OhioCanton
Santa Luzia (Angra do Heroísmo)
Janesville
Texarkana, Texas
Roosevelt, Utah
Erlangen
Siecie
Skellefteå
Brno
Venice
Budapest
Rockford, Illinois
Manhattan
Albion
Toquerville, Utah
Cedar Canyon, Utah
Wooster
Manassas
Fayetteville, NC
Fond du Lac, Wisconsin
Cẩm Phả
Thomson, GA
Wake Village, Texas
Coimbatore
Poland
Bensonhurst and Borough Park
Takla Landing
Bear Creek Township, Luzerne County, Pennsylvania
Southcentral
Banff 1
San Luis Obispo
Louisville, KentuckyLouisville
Brookings, South Dakota
Nowa Brda
Tinian
Batangas
Numerous counties
Georgetown, KentuckyGeorgetown
Akron, OhioAkron
Ubachsberg
Crossville, Illinois
Lake George (New York)
White Castle, Louisiana
Lower Hutt City
Vista
Jamnagar
Detroit
Kapuskasing
Betio
Colebrook, New HampshireColebrook
Woodstock
Petersfield
Wijk bij Duurstede
Washington, D.C.
Welland
near city
Clarks Green, Pennsylvania
Milton Keynes
Cedar Rapids, Iowa
Vancouver, British Columbia
Dera Ismail Khan
Kruševac
East Rockhill and Haycock Townships
Pennsylvania
Tomah, Wisconsin
Riverton, WyomingRiverton, WY
Front Royal, Virginia
Lalitpur
Dryden, Ontario, Canada
Sisak-Moslavina County
Zardab
Accra, Greater Accra
Seattle, Washington
Stanford, California
Chester,
Hancock Township vicinity
Bunker Hill
Boston, Massachusetts
Wilson, North Carolina
Czarna Dąbrówka
Miastko
Ponce, Puerto RicoPonce
Port Alexander, Alaska
Chantilly
Quảng Hà
Salinas, California
Leamington, Utah
Fort Hamilton
Ironwood, Michigan, USA
Stockton, California
Geneva, Illinois
Hendrum vicinity
Catania
Sidhi
Wendover, Utah
Canton, Ohio
Rockland vicinity
Worcester, MassachusettsWorcester
Sudbury, Ontario, Canada
Mountain Grove, Missouri
Severna Park
Modesto, California
Chalakudy town
Bridgewater, Nova Scotia, Canada
Grenoble -
Middletown, Dauphin County, PennsylvaniaMiddletown, Pennsylvania
Walung
Yerba Buena Island
Luxborough
Devgat
Las Vegas
Ambo, Kiribati
Ripon, Wisconsin
Natashquan, Quebec (municipality)
Lindö
Devizes
New Dorp Beach
Fort Washakie, WyomingFort Washakie, WY
Sacramento, CaliforniaSacramento
Addis Ababa
Toledo, OhioToledo
New Haven
El Paso, Texas
Research Triangle Park
San Diego, CaliforniaSan Diego
Fervença
Iligan
All neighborhoods
Port Talbot
near Seattle
Emery, Utah
Vancouver
Decatur, Alabama
Đông Triều
Fergus Falls, Minnesota
Big Timber, MontanaBig Timber, MT
Pesse
Ashland, Ohio
Fishers
Weston-super-Mare
Saint-Donat
Lancaster, PennsylvaniaLancaster
Vicksburg
Piazza della Scala, Milan
Terrebonne, Quebec, Canada
Contoocook Village
Alexandria, VirginiaAlexandria
Kannapolis, North Carolina
Huntsville, Alabama
Agat and Santa Rita
Chapel Hill
Eugene, Oregon
Irving
Zebulon, North Carolina
Irvine
Panjim
Queensland
Sheffield, England
Copenhagen, Frederiksberg, and Taastrup
Newtown and Northampton Townships
Milford and Stratford
Augusta, GeorgiaAugusta
Buffalo, New York
Newcastle upon Tyne
Woodlands, 738547
Philadelphia, PennsylvaniaPhiladelphia
Echo, Utah
Alexandria, Minnesota
Cumberland, Maryland
West Sacramento, California
Helper, Utah
Midland, Texas
Saint-Petersburg
Roy, Washington
La Grande-1 generating station
Woodberry Forest
Maastricht
Tübingen
Newport, WalesNewport
Horsepasture, Virginia
Beacon, New York
New York City, United States
Schenectady, Glenville, Niskayuna, Rotterdam, Scotia
Hope under Dinmore
Vilnius
Tryon, North Carolina
Swansea
Goszyn
Windsor
Strasburg and West Lampeter Townships
Fairmont, WV
Turku
Rhyl
Jūrmala
Cedarhurst
Atlanta
Fountain Green, Utah
Springville, Alabama
Bagdad, Arizona
Lovingston, VirginiaLovingston
Karlikowo
Ithaca, New York
Springe
Aarhus
Mobacka
Kufa
Georgia (U.S. state)
Pikeville, Tennessee
New York (state)
City of Brisbane
Land O' Lakes
Manti, Utah
Plattsburgh, New YorkPlattsburgh, NY
Charlotte Coliseum
Temiskaming Shores
Ajax, Ontario, Canada
Downsview
Lynn, MassachusettsLynn
Nihoa
Bakersfield, California
Marion vicinity
Aston
Pont-Pierre-Laporte
Nanticoke, Pennsylvania
Żoruchowo
Marshallton, Delaware
Neptune
Orderville, Utah
Wheeling, West VirginiaWheeling
in Sunrise, Florida
Manchester, England
East Lyme
Originally Veckholms county, now lost
Hallsville vicinity
Saipan
Bishop, California
Dubreuilville
State-wide
Spokane, Washington
Hyderabad
Purok Dos Sitio Buntong Palay, Bgy. Silangan, San Mateo
Gopiballavpur
Wagga Wagga
Altoona, Pennsylvania
Juszkowo
Sion Farm
Vrbas, SerbiaVrbas
Oxford and Monroe
in New Orleans
Swansea City Centre
Nowa Wieś Człuchowska
Kragujevac
Arkansas
Olpuch
Wanzhou
Rosmalen
River Edge, New Milford and Teaneck
Gloucester
Atlántida
Penarth
Charlotte Coliseum in Charlotte, North Carolina
LaFollette, Tennessee
North Las Vegas, NevadaNorth Las Vegas
Svartsjö
Kelso, Washington
Binghamton, New York
Casper, WyomingCasper, WY
Mahnomen vicinity
Summerside, Prince Edward Island, Canada
Bellingham, Washington
Bedford-Stuyvesant
Arlington, TexasArlington
Philadelphia, PennsylvaniaPhiladelphia, PA
Wrexham
Camillus, New York (town)
Jupiter
Washington, D.C., U.S.
İstanbul
Richmond and Minter
Castleford
Vernon, California
Bathurst
Amelia Island and Ponte Vedra Beach, Florida
Joliet, IllinoisJoliet
Greensboro, North CarolinaGreensboro
Caldwell, Texas
Dover, New HampshireDover
Swift Current
Northern Mariana Islands
Chesapeake, VirginiaChesapeake
Jacksonville
Poplar Bluff, Missouri
Howell vicinity
Baton Rouge
Bagley vicinity
Evanston, WyomingEvanston, WY
Wrząca Pomorska
Prague
Neighborhood
Oxfordshire
Bluefield, West VirginiaBluefield
Okinawa
Sundance, WyomingSundance, WY
Hickory, North Carolina
Douglas, WyomingDouglas, WY
Liepāja
Móng Cái
Benicia, California
Lucknow
Woodstock, Vermont
Papillion, Nebraska
Winchester, Virginia
Potchefstroom
Cranston
Gmina Stara Kiszewa
Taipei
Scotland
Enterprise, Oregon
Atlantic City, New Jersey
Albany, GeorgiaAlbany
Mainesburg, Pennsylvania
Beaumont, California
Zandvoort
Blue Mountains (Australia)
Boone, North Carolina
Butig
Evanston, Wyoming
São Roque do Pico (parish)
Liberec
Maszewo Lęborskie
Davos
Miles City, MontanaMiles City, MT
Stara Pazova
Ohio
in Bossier City, Louisiana
Brecksville and Independence
Kanarraville, Utah
North York, Ontario, Canada
Calais
West Midlands (county)
Zupče
Bielsko Pomorskie
Portugal
Berlin, New Jersey
in Salt Lake City, Utah
Ninilchik, Alaska
Latvia
Manahawkin, New Jersey
Chennai
CFB Gagetown
Kalispell, Montana
Simi Valley
Cherry Hill vicinity
Genoa
Northern Territory
Kirkland Lake
Lewistown, MontanaLewistown, MT
Miami Gardens
Hopkinton Village
unincorporated
St. Peter, Minnesota
Gauteng
Lake George vicinity
Victoria
Delaware
Bogotá
India
Laval
Beijing
Klettwitz
Hanover, New Hampshire
Ranchi
Stony Point vicinity
North Greenwich
Hovgården
Maldonado
Germany
Radford, Virginia
Las Vegas, NevadaLas Vegas
Twisp, WashingtonTwisp, WA
Samawah
Corona Park
Lubbock, Texas
Nowa Wieś Lęborska
Costa Rica
East Price, Utah
Florida and Savoy
Kalkaman Village
Anuradhapura
Hyde Park, New YorkHyde Park, etc., New York
Clyde, North Carolina
Riga
Buenos Aires
Parcani, TransnistriaParcani
Jeffersontown vicinity
San Antonio
Temagami
Georgetown, Ontario, Canada
Murfreesboro, Tennessee
Caldwell
Fertile
Switzerland
Rapho and West Hempfield Townships
Lake Charles, Louisiana
Meriden and, in Hartford County, Berlin and Southington
La Porte, Indiana
North Charleston, South Carolina
Marlboro vicinity
Collegeville and Lower Providence Township
Peterborough, Ontario, Canada
City of Casey
Žerovnica
Penn Yan, New York
Spencer, Oklahoma
Avenel
Cardiff
Alberta
Maumanorig
Mysuru northern suburbs
Ciudad del Plata
Brisbane City
Poluwat
Bartlett, TennesseeBartlett
Tyler
Baldwinsville, Cicero, Clay, Elbridge, Geddes, Liverpool, Lysander, Salina, Van Buren
Georgetown, Delaware
Davis
New York City
Carbon County, Utah
Traverse City, Michigan
Petersburg
Palm Springs, CA
Edison, New JerseyEdison
Pittsburgh
Harpswell, Maine
Jefferson Heights, New York
s Republic of China
Carthage, Texas
Mackinaw City, Michigan
Nantucket town
Debrecen
Guatemala City
[PANCHKULA]
Manteo, North Carolina
Great Falls, MontanaGreat Falls, MT
Dhaka
St. Maries, IdahoSt. Maries, ID
Bhopal
SW postcode area
Bradford, Pennsylvania
Reading, Pennsylvania
Toledo, Ohio
Finchley
Billings, Montana
Kolar
Burton
Hampshire
Lake Toxaway, North Carolina
Pomeranian Voivodeship
Air Canada Centre in Toronto, Ontario
List of islands of France
Caerphilly
Toowoomba
Zielin Miastecki
Sun City, Arizona
Ozark, Alabama
Urbana
Nottingham City Centre
Wadena vicinity
Waukegan, IllinoisWaukegan
Charlotte, North CarolinaCharlotte
Twentynine Palms, California
Stratford, Ontario, Canada
Hiroshima
Cloquet, Minnesota, United States
Bridgwater, Somerset, England
Burlington, Ontario, Canada
Sucleia
Steknica
Franklin, Pennsylvania
AuSable and Peru
Lockport, New York
Tashkent
Gardna Wielka
Łabiszyn
Rock Hill, South CarolinaRock Hill
Isla Vista, California
Landskrona
Tampa, Florida
Portsmouth, New HampshirePortsmouth
Cypress, Texas
Vadinar
Bình Liêu
Philadelphia, Pennsylvania
Laconia
Afton, WyomingAfton, WY
D.C.
Cewice
Québec
in Providence, Rhode Island
Hancock and Pittsfield
Kobylnica Słupska
Chrudim
Miramichi, New Brunswick, Canada
Zamostne
Cary, North CarolinaCary
Costa de Oro
Granby, Quebec, Canada
Fairmont, California
Suffield
Ventspils
Pottersville, New York
Jackson, TennesseeJackson
Hamburg
San Francisco, California
Honey Brook, Pennsylvania
Woodbury
Missouri
Winston-Salem
Asheboro
Waitakere City
Koronadal City
Kentwood, Louisiana
Level 14, 122 Leadenhall Street, London.
Dunedin
Shamirpet
Monroe, Louisiana
Mississauga, Ontario, Canada
Nordanstig
Richmond Hill
New York NY
149
in Uniondale, New York
Port Alberni
Elizabeth, New JerseyElizabeth
Buskirk vicinity
Anaheim, CaliforniaAnaheim
Park Slope and Gowanus
Wytheville, VI
Salem, Virginia
Mason City
Martinez, California
Greenwood vicinity
Jamestown, North Carolina
Ramadi
Weirton, West VirginiaWeirton
Graz
Kitchener, Ontario, Canada
Saint Petersburg
Kansas
Crown Point
Louisville vicinity
Basilica of St. John the Baptist
165
Truro, Nova Scotia, Canada
Kahuta Tehsil
Iowa
South of Overton
Nett
McKees Rocks
Lake Elsinore, California
Sausapor
Lander, WyomingLander, WY
Krokowa
Ottawa, Ontario
Pottsville, Pennsylvania
Sandpoint, IdahoSandpoint, ID
New South Wales
Singapore
Angle Inlet vicinity
Aldershot
Columbus, Ohio
Didcot
Pampanga
Pittsburgh, PennsylvaniaPittsburgh
Lake Placid, New York, U.S.
Kłanino
Tenggarong
Port Jervis, New YorkPort Jervis, NY
Darby, Pennsylvania
Fallujah
Vankleek Hill, Ontario, Canada
Porirua City
Doran vicinity
Rockingham and Westminster
Troy vicinity
Port of Spain
Gros Islet
Cornwall-on-Hudson vicinity
Campbelltown, New South Wales
Farm Lane at the Red Cedar River
Pelican, Alaska
Wausau, Wisconsin
Freiburg im Breisgau
Wejherowo County
Quebec
Karluk, Alaska
Crossmichael
Sweet Briar, VirginiaSweet Briar
in Spokane, Washington
Shelly vicinity
Gravenhurst, Ontario, Canada
Black Mountain, North Carolina
Punta del Este
New Britain, Connecticut
West Palm Beach, Florida
Wellsville, Utah
Grand Rapids, Michigan
Danville, Virginia
Urbino
Toms River, New JerseyToms River
Gatineau
Kowloon
Frank Erwin Center
Kissimmee, Florida
Hanna, Utah
Richmond, Virginia
Providence, RI
Ferron, Utah
La Crescent, Minnesota
Billerica, Chelmsford, Lowell, Medford, Somerville, Wilmington, Winchester, and Woburn
Masefau
Arizona
Camillus, New York (village)
Paris and Philadelphia
Municipality
Dixon, IL
Plymouth, Michigan
Cook, Minnesota
Homestead, Munhall, and West Homestead
Grenadier Island vicinity
Carson City, NevadaCarson City
Kenosha, WisconsinKenosha
Various cities
Wailuku vicinity
Newmarket-on-Fergus
Windsor, New York
Populated places on the Hudson River
Duluth
Jacksonville, IL
Laramie, WY
Highland, Ulster County, New York
Wooster, Ohio
Causeway
Rajshahi
Protvino
Massachusetts
Jefferson, Texas
Sparks, NevadaSparks
Ronneby vicinity
St. Louis
Alton, Utah
Myrtle Beach, South Carolina
Lachine
Utica, New York
Brookline and Newfane
Joplin, Missouri
St. Charles, MissouriSt. Charles
Wells Fargo Arena
San Rafael
Minturn, Colorado
Orleans, Ontario, Canada
Porterville, California
Pawtucket, Rhode Island
Artesia, New Mexico
Milton Keynes, Buckinghamshire
Hatch, Utah
Kake, AK
Bismarck, North Dakota
Munhall, Rankin, and Swissvale
Stentoften
Sydney & Melbourne
Allentown, PennsylvaniaAllentown
Lansing, Michigan
Baldwinsville, New York
Daugavpils
Idaho Falls, Idaho
Narva
Starzyński Dwór
Omak, Washington
Ahw&#257;z
Cherry Valley, Pleasant Plains, and Yates Townships, and Idlewild
Discovery District
Grand Coulee, WashingtonGrand Coulee, WA
El Paso
Ocala
Coventry
Port Lions, Alaska
Patriot Center
Hollywood, California
Coldwater, Michigan
Dehri
Las Vegas, Nevada
Vaksala
Slobozia, MoldovaSlobozia
Center Valley, Pennsylvania
Denver, Colorado, U.S.
Frederick, Maryland
Stuttgart
Filton, Bristol
Auckland
Folsom
Boulder, Utah
Fort Myers
Tacoma
Olean, New York
Yukon
Huron, South Dakota
Rabat
Cohoes vicinity
Moen (island)
Rohnert Park, California
Municipality of San Antonio de Oriente
Oneonta , New YorkOneonta, New York
Centreville
Babylon , New YorkBabylon, New York
Portage la Prairie
Amherst, Tonawanda
Brighton, VermontBrighton, VT
Denison, Texas
Black Mountain (Catron County, New Mexico)
Franklin, TennesseeFranklin
Ljubljana
Buckland and Shelburne
Beswick, Manchester, England
Newick
Čačak
Čabra
Fraser Lake
Headington, Oxford,
Lake Worth
Micronesia
Illawarra
Ciudad de la Costa
Evergreen