General José de San Martín Airport, Posadas, Argentina
Chongqing Jiangbei International Airport
Klamath Falls Airport
Wichita Mid-Continent Airport
RAF Aldergrove
England
Princess Juliana International Airport
London, United Kindgdom
Yola Airport Yola, Adamawa State, Nigeria
Seattle–Tacoma International Airport, Seattle, Washington
Bari International Airport, Italy
Toronto Pearson International Airport
Tocumen International Airport
Caracas Airport, Venezuela
Czechoslovakia
Indianapolis International Airport
RAF Talbenny, Wales
RAF Northolt
Barranquilla
Mehrabad International Airport, Tehran, Iran
Lisbon
Santiago Mariño International Airport
,
Mason City Municipal Airport, Iowa
Athens, Greece
Pattimura Airport, Ambon, Maluku, Indonesia
Halim Perdanakusuma Airport, Jakarta, Indonesia
Douglas International Airport
Lambert St. Louis Airport, St. Louis, United States
Finland
London, England
Minsk-2 International Airport
Greater Peoria Regional Airport
Jinnah International Airport
Bucharest, Romania
Izmir Cumaovası Airport, Izmir, Turkey
Madras Airport, Chennai, Tamil Nadu, India
Orly Airport, Paris, France
Ellinikon International Airport
Tbilisi-Novo Alexeyevka Airport
Jayapura
Trivandrum International Airport
Ronald Reagan Washington National Airport
Saint Martin
Lapu-Lapu City
Fort de France, Martinique
RAF Ridgewell, Essex, United Kingdom
Jordan
Nevada
Zürich-Kloten Airport , Switzerland
Kongolo Airport, Kongolo, Democratic Republic of the Congo
Newark Liberty International Airport, Newark, New Jersey, US
United Arab Emirates
French Polynesia
Michigan
Hatfield Aerodrome
Cuba
Kindu Airport
Ingeniero Aeronáutico Ambrosio L.V. Taravella International Airport, Córdoba, Argentina
Achmad Yani International Airport, Semarang, Indonesia
Ben Gurion International Airport
Tehran, Iran
Beijing International Airport, Beijing, China
DC
Eirunepé Airport, Eirunepé, Brazil
Palm Beach International Airport
Tambaram Air Force Station
Croydon, Surrey, United Kingdom
Wien-Schwechat International Airport
Jeddah
Kastrup Airport, Denmark
Singapore Changi Airport, Singapore
West Sussex
Armenia
Boryspil International Airport, Kiev, Ukraine
Tokyo
Thessaloniki Airport
Whenuapai
Los Angeles International Airport
Columbia Metropolitan Airport
Maya-Maya Airport
Sana'a International Airport, Yemen
Croydon Airport, Surrey
Baghdad, Iraq
Juba International Airport
Republic of the Congo
Ecuador
Chania International Airport
Værnes
Martinique Aimé Césaire International Airport
Blue Grass Airport
Milwaukee, Wisconsin
Paris-Orly Airport
Amman-Queen Alia International Airport
International Airport Irkutsk
Aberdeen Airport, Scotland, United Kingdom
Malakal Airport
Piedmont Triad International Airport
Dublin Airport
Singapore Changi Airport, Changi, Singapore
Vermont
Brisbane Airport
Madrid-Barajas Airport
Vnukovo International Airport, Moscow, Russia
Manila
Adelaide Airport
Alabama
Alberto Carnevalli Airport, Mérida, Venezuela
Miami International Airport, Miami, Florida, U.S.
Medan, Indonesia
Colorado
Sola
Tehran-Mehrabad Airport Tehran, Iran
Nepalgunj Airport
Biak-Mokmer Airport
Abidjan
Dakhla Airport
Pukatawagan Airport, Manitoba
Iquitos
Juanda International Airport
New York
LaGuardia Airport
Sultan Iskandar Muda Airport, Banda Aceh Indonesia
NAS Corpus Christi
Changi Airport
Fiumicino – Leonardo da Vinci International Airport , Rome, Italy
Krasnoyarsk Cheremshanka Airport, Krasnoyarsk, Russia
Jan Smuts Int'l Airport, Johannesburg, South Africa
Minnesota
Guangzhou Baiyun International Airport (former), China
San Francisco
Ngurah Rai International Airport
Kinston Regional Jetport
Stavropol Shpakovskoye Airport, Russia
Tribhuwan International Airport
Málaga Airport
Ninoy Aquino International Airport, Manila, Philippines
Little Rock National Airport
North Carolina
Fort Worth International Airport
Skattøra
Kunduz Airport
San Diego International Airport
San Juan, Puerto Rico, US
José Martí International Airport
Leonardo da Vinci–Fiumicino Airport, Rome, Italy
Ronaldsway Airport
Croydon Air Port, Croydon, United Kingdom
Sahar International Airport, Bombay, India
Koltsovo Airport
Rafic Hariri International Airport, Beirut, Lebanon
Bandar Abbas
SLAF Palalay
Northern Ireland
Bangkok
Henri Coandă International Airport
Baku Airport
Toronto
Maya-Maya Airport, Brazzaville, Republic of Congo
Los Cerrillos Airport
Siem Reap International Airport, Siem Reap, Cambodia
Westover Air Force Base
Klamath Falls
Camp Butmir, Sarajevo, Bosnia and Herzegovina
United States
Sheremetyevo International Airport
T. F. Green Airport
Moscow
Beirut International Airport
South Carolina
LaGuardia Airport, New York
Harare
Carrasco International Airport
Nakhchivan Airport
Maiquetía
Guam, US Territory
Los Angeles, California
Harbin Taiping International Airport
Stansted Airport, United Kingdom
Denver
Nigeria
Washington D.C.
Stockholm Bromma Airport
Kadena Air Base
Anapa
Chicago, Illinois, US
Bandung
El Palomar Air Base
Amsterdam Schiphol Airport, Amsterdam, The Netherlands
Leeds Bradford International Airport
Samoa
Nicosia Airport, Nicosia, Cyprus
Vientiane
Félix Houphouët-Boigny International Airport
Polonia International Airport
Republic of the Congo (Léopoldville)
Datah Dawai Airport, Mahakam Ulu Regency, Indonesia
Osaka International Airport
San Francisco International Airport
Tamanrasset Airport
Cairo International Airport, Egypt
Zurich Airport
Juanda International Airport, Surabaya, Indonesia
Amsterdam Airport Schiphol
Delhi, India
Zumba Airport , Ecuador
Kaohsiung International Airport
Bangkok, Thailand
Tokyo International Airport, Tokyo, Japan
Penzance Heliport
Minneapolis-Saint Paul International Airport
Hannover Airport
Santa Cruz Airport, Bombay, India
Aeroparque Jorge Newbery, Buenos Aires, Argentina
Cold Bay Airport, Cold Bay, Alaska
RAF Tangmere
Tallinn-Ülemiste Airport, Estonia
Soekarno-Hatta Int'l Airport, Jakarta, Indonesia
Nepalgunj
Hurghada International Airport, Hurghada, Egypt
Jabalpur Junction
South Sudan
Shanghai Pudong International Airport
Cancún International Airport
Tribhuvan International Airport
Koltsovo International Airport, Sverdlovsk Oblast, Russia
Cusco
Kutaisi Airport, Georgia
Newark Liberty International Airport, Newark NJ
Praha-Ruzyne International Airport
London Heathrow Airport, England
Caracas
Łódź Władysław Reymont Airport
Colón, Panama
Jakarta-Halim Perdana Kusuma Airport
Durban International Airport
Sapporo
Chelyabinsk
La Aurora International Airport, Guatemala City, Guatemala
Polyarny Airport
Tarauacá, Brazil
Wichita Mid-Continent Airport, Wichita, Kansas
Frankfurt
Mehrabad International Airport
Hat Yai, Thailand
RAF Lakenheath
Bandar Abbas Airport
Manchester Airport
NY
Ratmalana Airport
Ninoy Aquino International Airport
Kallang Airport, Singapore
Malabo International Airport
Gatwick Airport, London, United Kingdom
Caracas-Maiquetía Airport , Caracas, Venezuela
Baotou Erliban Airport, Baotou, China
s International Airport
Francisco Sarabia National Airport, Mexico
Sharm El Sheikh, Egypt
Cadjehoun Airport, Cotonou, Benin
Karachi, Pakistan
Middlesex, United Kingdom
France
San Juan-Isla Verde International Airport , Puerto Rico
Sorong Airport, Indonesia
Capital City Airport (Pennsylvania)
Laredo International Airport
Larson Air Force Base, Moses Lake, Washington
Jorge Chávez International Airport, Lima, Peru
Portland International Airport
s Bazar Airport
Leningrad-Pulkovo Airport
San Francisco, California, United States
Haneda Airport
F 2 Hägernäs
Reno-Tahoe International Airport
Berlin Tempelhof Airport
Los Angeles
San Luis Potosí
Socialist Federal Republic of Yugoslavia
Houston
Hewanorra International Airport
Papua New Guinea
Yarmouth Airport
Zagreb International Airport, Zagreb, Croatia
Vieques Airport
Philip S. W. Goldson International Airport
Cointrin Airport, Geneva, Switzerland.
Military base in Iron Range National Park
Dubai International Airport
Jacksonville International Airport
OR Tambo International Airport, Johannesburg, South Africa
Dushanbe Airport, Tajikistan
Juan Gualberto Gómez Airport
Prattville-Grouby Field
Taoyuan City
Oslo Airport, Gardermoen, Oslo, Norway
Travis Air Force Base
Naval Air Station Banana River
British Columbia
Aqaba Airport, Jordan
Goma International Airport
Nome, Alaska, United States
Kish Airport
Netherlands Antilles
Stockholm Arlanda Airport
Boende
Sydney
Kankesanturai Airport, Jaffna, Sri Lanka
Paris, France
Ho Chi Minh City-Tan Son Nhat International Airport
Palembang
RAF Merryfield
Maquehue Airport
Talagi Airport
Washington
Northolt Airport, London, United Kingdom
Sweden
Sentani Airport
San Francisco International Airport, CA
Poland
Walker Air Force Base, Roswell, New Mexico, U.S.
Oahu
Dallas
Greater Rochester International Airport
Gwadar International Airport
Schönefeld
Cologne Butzweilerhof Airport, Germany
London Luton Airport, United Kingdom
Bogashevo Airport, Tomsk, Russia
Manas International Airport Bishkek, Kyrgyzstan
JFK Airport
El Salvador International Airport
John F. Kennedy International Airport, New York
Tunis-El Aouina Airport
Pago Pago
Mariscal Sucre International Airport, Quito, Ecuador
Multan International Airport
Mobile Regional Airport
Vorkuta Airport
Petropavlovsk-Kamchatsky Airport, Russia
Vigo Airport
Schiphol International Airport, Amsterdam, Netherlands
Czech Republic
General Mitchell International Airport
Croydon Airport, England
Lodja Airport
Stockholm-Arlanda Airport
Cairo International Airport, Cairo, Egypt
Lisbon, Portugal
Manas International Airport, Bishkek, Kyrgyzstan
San Juan International Airport
London Heathrow International Airport
Aden Adde International Airport
Perth Airport
Camilo Daza International Airport
Bandung-Husein Sastranegara International Airport
Monterey Regional Airport
Los Angeles International Airport, Los Angeles, California, United States
Brisbane
Lubumbashi-Luano, DR Congo
RAF Warton
Nashville International Airport
Murtala Muhammed International Airport, Lagos, Nigeria
Hollywood International Airport
Biggin Hill, United Kingdom
Hare International Airport
Colombia
Yuzhno-Sakhalinsk
Stillwater, Oklahoma, U.S.
Concord Regional Airport
Maturín Airport, Venezuela
Montréal-Pierre Elliott Trudeau International Airport
Marsh Harbour Airport
Fornebu
Peachtree Airport
Pennsylvania
Seoul-Gimpo International Airport
Shah Amanat International Airport
Djili Airport
Heston Aerodrome, Middlesex, United Kingdom.
Medan
Texas
Yellowknife Airport
Taoyuan International Airport
Indianapolis
Sheremetyevo International Airport, Moscow, Russia
Queen Alia International Airport
Washington (U.S. state)
Seattle, Washington
Barksdale Field
Thiruvananthapuram, India
Utti Airport
Memphis International Airport
Adana Şakirpaşa Airport
Lahug Airport, Cebu City
Blackbushe Airport
Ben Gurion Airport
Salgado Filho International Airport, Porto Alegre, Brazil
Boston, Massachusetts
Netherlands
Alejandro Velasco Astete International Airport
Alaska
Vnukovo International Airport
Martinique
Blackpool Airport
Ajaccio Napoleon Bonaparte Airport
Husein Sastranegara International Airport, Bandung, Indonesia
Madrid–Barajas Airport, Spain
Miami
Victoria Falls, Rhodesia
Essex County Airport, New Jersey
Archerfield Airport, Brisbane
Høybuktmoen
Anchorage
Ankara
Saddam International Airport
Tamanrasset, Algeria
Gilgit Airport , Pakistan
Nancy-Essey Airport
Xianyang Airport , China
Belfast International Airport, Northern Ireland
Don Mueang International Airport
Silvio Pettirossi International Airport
Utah
Rio Hato Airport
San Diego
s Republic of Bulgaria
Lomé, Togo
Gregorio Luperón International Airport
Copenhagen, Denmark
Bob Hope Airport
Ljubljana Jože Pučnik Airport
a International Airport
Hato International Airport
Russian SFSR
Rotterdam Airport
near Stockholm, Sweden
Flint-Bishop Airport
Ukraine
near Fairbanks, Alaska
Cuito Cuanavale
Son Sant Joan Airport
Mehrabad International Airport  Tehran, Iran
Yinchuan Airport
Kuala Lumpur International Airport, Kuala Lumpur, Malaysia
Karachi
Wadi Halfa Airport
Connecticut
Bole International Airport
Anchorage, Alaska
Denver&ndash;Stapleton Int'l Airport
Bermuda
Tel Aviv, Israel
Comodoro Arturo Merino Benítez International Airport, Santiago, Chile
Québec City Jean Lesage International Airport
Hong Kong
Memphis Municipal Airport
Abuja
Zahedan Airport
Hartsfield-Jackson Atlanta International Airport
Quito
Thailand
Murtala Muhammed International Airport  , Lagos, Nigeria
Warsaw Frederic Chopin Airport
Montreal, Quebec
Amsterdam
Taichung Airport
Varadero
Eugene Airport
Hualien Airport
Evenes, Norway
s Republic of the Congo
Dakar Airport, Senegal
Bombay, India
Kamloops Airport
Lanzhou Zhongchuan International Airport
Penang International Airport
Pulkovo Airport
Hartsfield-Jackson International Airport
Cauayan City
United Kingdom
Irkutsk International Airport
Pisa Airport, Pisa, Italy
Wilson Airport (Kenya)
Fox Glacier Airstrip
Wattay International Airport, Vientiane, Laos
Saint Thomas Airport
Seattle-Tacoma International Airport
Amsterdam Schiphol Airport
Gangneung Airbase
Queensland
Selaparang Airport
Mactan-Cebu International Airport
Domodedovo International Airport
Ilopango International Airport
John F. Kennedy International Airport
Dire Dawa Airport
Frédéric Chopin Airport
Port Harcourt Airport
Kuala Lumpur International Airport, Kuala Lumpur
Kabul International Airport, Afghanistan
John F. Kennedy International Airport, New York City, USA
Heydar Aliyev International Airport
Bishkek Airport
Benito Juárez International Airport
Kamina Airport
King Salmon Airport
Tivat Airport
Karshi Airport
Singapore-Changi International Airport
Odessa International Airport
Tasmania
Kigali
Pokhara Airport
Evers International Airport
Stockholm
Zorg en Hoop Airport
Porlamar
New York City, United States
New Zealand
Lamidanda Airport
Port Elizabeth Airport
Croydon Airport
Istanbul Atatürk Airport
Guglielmo Marconi Airport
Roshchino International Airport
Ethiopia
Palembang, Indonesia
Karachi Airport, Pakistan
Los Cerrillos Airport, Santiago, Chile
Frankfurt-Hahn Airport, Germany
Pardubice
Woodbourne Airport
Dakar-Yoff Airport, Senegal
Indira Gandhi International Airport
Quatro de Fevereiro Airport
Zvartnots International Airport
Prattville, Alabama, United States
Saudi Arabia
Stuttgart Airport
Tokyo-Narita International Airport
Pakistan
Kosovo
Atlanta
Djamena
Sacramento Executive Airport
Sharm El Sheikh International Airport
Pretoria
Croydon Airport, United Kingdom
La Guardia Airport
Newark Liberty International Airport, Newark, New Jersey, United States
RAF Abingdon, England
Omsk Tsentralny Airport
Copenhagen Airport
Berlin Schönefeld Airport
Georgia (U.S. state)
Rwanda
Metropolitan Oakland International Airport
New York (state)
Hong Kong International Airport
King Abdulaziz International Airport
Denmark
Port-au-Prince
Netaji Subhash Chandra Bose International Airport, Kolkata, India
Miami, Florida, U.S.
LaGuardia Airport, New York, New York, United States
LaGuardia Airport,
Northern Kentucky International Airport
Amsterdam, The Netherlands
Fukuoka Airport
Thunder Bay International Airport
Paraguay
Glasgow Airport
Aeroparque Jorge Newbery
Coronel FAP Francisco Secada Vignetta International Airport
Cauayan Airport
Manila Domestic Airport
Andi Jemma Airport, Masamba, Indonesia
Helsinki Airport
Newfoundland and Labrador
Barcelona–El Prat Airport, Barcelona, Spain
Chitose Air Base
Edmonton International Airport
Sharjah International Airport
Melsbroek Air Base
California
West Germany
Brunei International Airport, Brunei
Sivas
Los Angeles International Airport, California
Mogadishu International Airport, Mogadishu, Somalia
Esenboğa International Airport, Ankara, Turkey
Maryland
Da Nang International Airport
Western Australia
Puerto Rico
Damascus International Airport
Baghdad Airport, Iraq
La Vanguardia Airport, Villavicencio, Colombia
El Dorado International Airport, Bogotá, Colombia
Tripoli International Airport
Omaha-Eppley Airfield, Nebraska
Monterrey International Airport, Mexico
Tokyo International Airport
No. 230 Squadron RAF
Tirana International Airport Nënë Tereza
Arkansas
Gimpo International Airport, Seoul, South Korea
Khabarovsk Novy Airport
Fukuoka Airport, Fukuoka, Japan
Lisbon Portela Airport, Portugal
Soekarno-Hatta International Airport
New York City, New York, U.S.
Saddam International Airport , Baghdad, Iraq
Enshi Airport
Gdańsk Lech Wałęsa Airport
Hotan Airport
Edinburgh Airport
Bulgaria
Kandahar Airport, Kandahar, Afghanistan
Comodoro Arturo Merino Benítez International Airport
Belize City
Port Moresby
Samsun Airport, Samsun, Turkey
Camp Bastion
Dhaka, East Pakistan
Silvio Pettirossi International Airport, Asunción, Paraguay
Jamba, Angola
Incheon International Airport
Mariscal Sucre International Airport
Chamblee
Surabaya
Congo Democratic Republic
Don Mueang Airport
Stuttgart-Echterdingen Airport, Stuttgart, West Germany
Jakarta
Jacksons International Airport
Tulln
Israel
RAF Northolt, England , United Kingdom
Port Elizabeth
Teniente General Benjamín Matienzo International Airport
Soviet Union
Yuzhno-Sakhalinsk Airport
Usinsk Airport, Komi, Russia
Taipei Sungshan Airport
Johannesburg
Concord, North Carolina
Cleveland Hopkins International Airport
Pristina International Airport
Malaysia
Lennart Meri Tallinn Airport
Douglas Airport
Guangzhou Baiyun International Airport (former)
Rome
Ramón Villeda Morales International Airport, San Pedro Sula, Honduras
Bombay
Hankou
Sioux Gateway Airport, Sioux City, Iowa
Palembang Airport
Le Bourget, Paris, France
Anapa Airport
Basle Airport, Switzerland
Paris-Orly Airport, France.
Isfahan International Airport
Reno Stead Airport
Ringway, Manchester, England
Vorkuta
Murtala Mohammed Airport
Juan Santamaria International Airport
Djamena Airport
Sultan Hasanuddin International Airport, Makassar, Indonesia
Frankfurt International Airport
Moscow, Russia
Nanjing Dajiaochang Airport
Soekarno–Hatta Int'l Airport, Jakarta, Indonesia
Abridge Aerodrome, Essex, United Kingdom
Gimpo International Airport
Okinawa
Italy
Baghdad
CFB Baden-Soellingen
Barcelona El-Prat Airport
Narita International Airport
Jorge Chávez International Airport
Parachinar
George Best Belfast City Airport
Schiphol Airport
Taiwan Taoyuan International Airport
Taipei
Ekaterinburg
Lic. Benito Juarez International Airport
Scotland
Addis Ababa, Ethiopia
Khorugh
New York Municipal Airport-LaGuardia Field
Asunción
Caracas International Airport
Philadelphia International Airport , Pennsylvania
RAF Bovingdon, England
Saigon, Vietnam
Newark Airport, New Jersey
Fort Lauderdale–Hollywood International Airport, Florida, United States
Kyrgyzstan
Francisco Bangoy International Airport
Domodedovo International Airport, Moscow
Hunter Air Force Base
Luis Muñoz Marín International Airport
Uzbekistan
Gilgit Airport
French Tunisia
Mojave Air and Space Port, California, United States
Auckland International Airport
Dwyer Airport
El Dorado International Airport
Dallas Love Field
Ampenan
Adampur Air Force Station
Ohio
Heathrow International Airport
Munich-Riem airport
Chelyabinsk Airport
Tamanrasset
Point Cook, Victoria, Australia
Sharjah (city)
Sudan
John F. Kennedy Airport
Copenhagen
Xakanaka Airstrip, Botswana
Mallam Aminu Kano International Airport
Chennai
Kharkiv International Airport
Guatemala
Nazi Germany
Licenciado Gustavo Díaz Ordaz International Airport
Houari Boumedienne Airport
Lusaka
Polonia International Airport, Indonesia
Porlamar Airport, Margarita Island, Venezuela
Surgut Airport
William P. Hobby Airport
Pointe Noire Airport
Tanzania
Pristina
Florida
London Heathrow, United Kingdom
McChord Air Force Base, Washington, United States
Bogotá
India
Tromsø
New York-Idlewild International Airport
Canada
Kamloops, British Columbia
Newark International Airport
Goma International Airport, Democratic Republic of the Congo
Gas production platform Clipper, Sole Pitt gas field
Ernesto Cortissoz International Airport
Madrid
The Bahamas
Taiwan
Elmendorf Air Force Base
General Mariano Escobedo International Airport
Dubai, United Arab Emirates
Democratic Republic of the Congo
Germany
Cologne
Karachi International Airport, Pakistan
Khartoum
Soldotna Airport
Northwest Alabama Regional Airport
Nagoya Airfield
Lima, Peru
Port Washington, New York, United States
Oulu Airport
Somalia
Hamburg Airport
Port Bouet Airport
Miami International Airport, Miami, Florida, United States
Izmir Cumaovası Airport , Turkey
Pardubice Airport
Mirny Airport
Montreal Saint-Hubert Longueuil Airport, St-Hubert, Quebec
Cleveland-Hopkins International Airport
Hobart
Esenboğa Airport
Vietnam
Sangster International Airport, Montego Bay, Jamaica
Kano Airport, Nigeria
Tachikawa Air Base, Tachikawa, Japan
RAF Abingdon, Abingdon, Berkshire,ref|Sutton Wick was in Berkshire at the time of the accident, but as a result of the 1974 boundary changes it is now part of Oxfordshire.|group=notes|name=nowpart, England
Washington (state)
Venice, Italy
Odessa, Ukraine
Düsseldorf International Airport, Düsseldorf, Germany
Buenos Aires
Lyon-Saint Exupéry Airport
Enrique Adolfo Jiménez Airport
Soewondo Air Force Base
Guangzhou Baiyun Airport
Vienna International Airport, Vienna, Austria
Congonhas-São Paulo Airport, São Paulo, Brazil
Switzerland
Spain
Praha-Ruzyne International Airport , Czechoslovakia
Adana
Bristol Lulsgate Airport
Rio Verde Airport, Brazil
Bombay International Airport
RAF Hucknall
Denver International Airport
Bali, Indonesia
Toussaint Louverture International Airport
Taipei Songshan Airport, Songshan, Taipei, Taiwan
Domodedovo International Airport, Moscow, Russia
Santo Domingo-Las Américas International Airport
New York City
Hilo International Airport
Malmö Airport
Montréal-Mirabel International Airport
Mozambique
Singapore International Airport
Belfast
Detroit International Airport, Michigan
El Salvador
JFK International Airport, NY, USA
Værøy Airport
Kish Island
Tunoshna Airport, Yaroslavl Oblast, Russia
Raleigh-Durham Airport
Chicago Midway Airport
Berlin
Jinnah International Airport, Karachi, Pakistan
Paramaribo
s Republic of China
Coari
Berlin Tegel Airport, Germany
Boston, Massachusetts, United States
Frankfurt Airport
Guatemala City
Standiford Field, Louisville, KY
Newark Liberty International Airport
Benina International Airport
Apia
McGhee Tyson Airport, Knoxville, Tennessee, United States
Las Vegas McCarran International Airport
McChord Air Force Base
Verona Airport
Sultan Mahmud Badaruddin II International Airport
Prague Ruzyně Airport
Bordeaux–Mérignac Airport, France
Ponta Delgada
Tennessee
United States of America
Taipei, Taiwan
Macau
Sorong Airport, West Papua, Indonesia
Roschino International Airport, Tyumen, Russia
Chhatrapati Shivaji International Airport
San Juan-Isla Grande Airport
Auckland Airport
Vigra
Herat Airfield
Vienna
United Kingdom of Great Britain and Ireland
Pearl Harbor
Pittsburgh International Airport
Valencia Airport
Sydney, Australia
Simón Bolívar International Airport (Venezuela)
Grant Park, Chicago, Illinois
Croydon Airport, Surrey, United Kingdom
North Weald Airfield, Essex, United Kingdom
Bremen Airport
Jakarta, Indonesia
London Heathrow Airport, United Kingdom
Miami International Airport
Moorea-Temae Airport
Istanbul Atatürk Airport, Istanbul, Turkey
Beirut Rafic Hariri International Airport
Dhahran International Airport, Saudi Arabia
Suriname
Redhill Airport, Surrey, England
Kunduz
Paris
Irkutsk Northwest Airport
Bardufoss Airport
Kokshetau Airport
Maputo
Geneva International Airport
, Côte d'Ivoire
Krasnodar International Airport
Aberdeen Airport
Mehrabad Airport, Tehran, Iran
Byelorussian SSR
Bergen Airport, Flesland, Bergen, Norway
Malpensa Airport
La Chinita International Airport
HMS Illustrious (R06)
Ronneby Airport
Kindley Air Force Base now L.F. Wade International Airport, Bermuda
Don Mueang International Airport, Bangkok
Amsterdam Airport Schiphol, Netherlands
Kemayoran Airport
Trenton-Mercer Airport
Orly Airport
Frankfurt am Main Airport, Frankfurt, West Germany
Jersey Airport
Pokhara Airport, Nepal
Brussels Airport, Belgium
Argentina
Tenerife-Norte Los Rodeos Airport
Warsaw
RAF Portreath
Cairo International Airport
Yaoundé Airport, Yaoundé, Cameroon
Khabarovsk Airport
Colombo International Airport, Colombo, Ceylon
Beni Airport, Beni, Democratic Republic of the Congo
Zambia
D.C.
Belize
Belgrade Nikola Tesla Airport
Incirlik Air Base
Narita International Airport , Tokyo, Japan
FAP Captain David Abenzur Rengifo International Airport
Elisabethville Airport
Chitose Airport
Irkutsk
London Heathrow airport
Charles de Gaulle Airport
Khorog Airport
Illinois
London
Augusto C. Sandino International Airport
Shanghai Hongqiao International Airport
Georgia
Fort Lauderdale, Florida, United States
Wattay International Airport
Morón Airport and Air Base
Ministro Pistarini International Airport
Isla Margarita
Warsaw Chopin Airport
San Francisco, California
Washington Dulles International Airport
Agdam
Yakutsk
Krabi Airport, Thailand
Istanbul, Turkey
Burlington International Airport
Berlin-Schönefeld Airport, Schönefeld, East Germany
Missouri
Orio al Serio Airport, Bergamo, Italy
Yekaterinburg
Charles de Gaulle Airport, Paris, France
Adampur
Gothenburg
Orlando International Airport
Java
Verona Villafranca Airport, Italy
Shanghai
Pokhara
Dubai International Airport, United Arab Emirates
Channel Islands
Hawaii
La Aurora International Airport
Almaty International Airport
East Java
Lebanon
Beauvais Airport, Oise, France
Azerbaijan
Tacoma International Airport
Beijing Capital International Airport
Vnukovo Airport, Moscow, USSR
Australia
Le Bourget Airport, Paris
London-Gatwick Airport
Gillingham, Norfolk
Windsor Locks, Connecticut, US
Soekarno Hatta International Airport
Bradley International Airport
Phoenix Sky Harbor International Airport
Lagos
Melbourne
Yangon International Airport, Yangon, Myanmar
Ellinikon International Airport, Athens, Greece
Honolulu International Airport, Honolulu, Hawaii, United States
London Gatwick Airport
Safe Felicia oil rig, Forties oilfield
Jersey
Half Moon Bay Airport
Long Island MacArthur Airport
Lisbon Portela Airport
Washington International Airport
Tribhuvan International Airport, Kathmandu, Nepal
Bergen Airport, Norway
Kigali International Airport
, Amsterdam
Surgut International Airport
Severomuysk
Conakry International Airport, Conakry, Guinea
Private/Nonprofit
Incheon
Port Sudan New International Airport
Ouagadougou Airport, Burkina Faso
Singapore Changi Airport
Linate Airport, Milan, Italy
Saint Petersburg
London Heathrow Airport
Houari Boumediene Airport
Margaret Ekpo International Airport, Calabar, Nigeria
New Guinea
Skopje Airport
Nnamdi Azikiwe International Airport
Dolo Airport
Baghdad International Airport
Maracaibo
Amsterdam Airport Schiphol, Amsterdam
Singapore
RAF Waddington
Juba
Barcelona Airport, Spain
Torslanda Airport
Agadir-Al Massira International Airport
Albuquerque International Airport, NM
East Germany
Perth, Western Australia
Russia
Rivesaltes Airport
Kota Kinabalu International Airport
Vnukovo Airport
China
Meigs Field
Sydney Airport
Le Bourget Airport
Detroit Metropolitan Wayne County Airport
Sultan Abdul Aziz Shah Airport
Chelyabinsk Airport, Chelyabinsk, Russia
Kai Tak Airport
Bergen
Philippines
Leonardo Da Vinci International Airport
Willemstad
Plattsburgh Air Force Base
Whitsunday Coast Airport
Ben-Gurion International Airport
Nutts Corner
New Jersey
St. Louis International Airport
Sacramento International Airport
N'djili Airport, Kinshasa, Democratic Republic of the Congo
Guarulhos International Airport
Sharm El Sheikh International Airport, Sinai Peninsula, Egypt
Fiumicino Airport
Puerto Plata, Dominican Republic
Indonesia
Angola
Brønnøysund Airport, Brønnøy, Brønnøy, Norway
Vancouver, Canada
Naha Airport, Okinawa, Japan
Astana International Airport, Astana, Kazakhstan
Roma-Ciampino Airport
Brasilia International Airport
Eielson Air Force Base
Nerka Lake
Omsk Airport , Russia
Bulki, Ethiopia
LaGuardia Airport, New York City
Brazzaville
Iran
Abadan Airport, Iran
Nashville International Airport, Nashville, Tennessee, United States
Udachny
Montreal, Canada
Stockholm, Sweden
Chile
Nepal
Milan–Malpensa Airport , Lombardy, Italy
Boston
Leeds
Zurich International Airport
Boende Airport
Florencia-Gustavo Artunduaga Paredes Airport , Florencia, Colombia
Curaçao
Miami International Airport, Florida, United States
Rafael Núñez International Airport
Sumburgh Airport
Budapest Ferenc Liszt International Airport
Dar es Salaam International Airport
Gatwick Airport, London
Turkey
José Martí International Airport, Havana, Cuba
Belgium
Recife Airport, Brazil
Ellington Air Force Base
Montreal-Pierre Elliott Trudeau International Airport
Kronoby Airport
Peru
Abaco Islands
Outagamie County Regional Airport  near Appleton, Wisconsin
Union of South Africa
Brooklands Aerodrome, Surrey, United Kingdom
Buenos Aires, Argentina
Esenboğa International Airport Ankara, Turkey
Chad
Istanbul Atatürk Airport, Turkey
San Francisco International Airport, California, United States
Albuquerque International Sunport
Oksapmin Airport
Massachusetts
Erdenet Airport, Erdenet, Mongolia
Salt Lake City
Bombay-Santacruz Airport
Logan International Airport
Galeão International Airport
El Trompillo Airport, Santa Cruz de la Sierra, Bolivia
Leonardo da Vinci International Airport
Cricklewood Aerodrome, London, England
Zestienhoven Airport, Rotterdam, Netherlands
Kai Tak International Airport
Venezuela
Addis Ababa Bole International Airport, Ethiopia
Reno
Batumi, Adjar ASSR, Georgian SSR
Spokane Airport, Washington
Multan
Ministro Pistarini International Airport, Buenos Aires, Argentina
Nakhchivan (city)
Chiang Kai-Shek Int'l Airport
Zurich Airport, Switzerland
Maputo International Airport, Maputo, Mozambique
Sofia Airport
Brussels Airport
Brasilia
Sahar International Airport
Brent oilfield
Heathrow Airport, London
South Korea
Kai Tak Airport, Hong Kong
Noi Bai International Airport
Montevideo, Uruguay
Vancouver International Airport
Plattsburgh International Airport, Plattsburgh, New York
Borg El Arab Airport, Alexandria, Egypt
Mexico City International Airport, Mexico City, Mexico
Tel Aviv
Adelaide Airport, Adelaide, South Australia
Le Bourget Airport, Paris, France
Japan
Kemayoran Airport, Jakarta, Indonesia
Oslo Airport, Fornebu, Oslo, Norway
Magadan Airport, Russia
Ho Chi Minh City
Nouakchott International Airport, Mauritania
Kathmandu, Nepal
Netherlands East Indies
Krasnoyarsk Airport
Baltimore-Washington International Airport
Los Roques Airport, Venezuela
Incheon International Airport, South Korea
Larnaca International Airport, Larnaca, Cyprus
Pridacha Airport, Voronezh, Russia
Oregon
Le Touquet Airport, France
John F. Kennedy International Airport, United States
Egypt
Minneapolis-Wold-Chamberlain Field
Louisville International Airport
Mashhad Airport , Iran
King Abdulaziz International Airport, Jeddah, Saudi Arabia
Khon Kaen Airport, Thailand
Hongqiao Airport
AFB Waterkloof
Lae Nadzab Airport, Papua New Guinea
Ponciano Arriaga International Airport
Tan Son Nhut Air Base
Rhode Island
Pensacola Regional Airport, Pensacola, Florida
Labuan Airport
Pittsburgh International Airport, PA
Chicago
Taipei Songshan Airport
Tashkent Airport
Metro Manila
Guangzhou Baiyun International Airport
V. C. Bird International Airport
Sentani Airport, Jayapura, Indonesia
Da Nang, South Vietnam
Minsk Airport
Stapleton International Airport
Khartoum International Airport
Moscow Oblast
Lamidanda
Tehran Imam Khomeini International Airport, Tehran, Iran
London-Heathrow Airport
CFB Goose Bay