35 East 76th Street (atMadison Ave), on theUpper East Side, inManhattan
801 South Lamar Boulevard
20 Bridge Street Lower
178 Kneeland St
4537 SE Division Street
224 Ponce de Leon Avenue NE
12 East 12th Street (betweenFifth AvenueandUniversity Place), inGreenwich VillageinManhattan
2811 Northeast Glisan St.
321 West 46th Street (between 8th Avenue and 9th Avenue), on theTheater District'sRestaurant Row
200 Schermerhorn Street (at Hoyt Street), inDowntown Brooklyn
328Lenox Avenue
2906 Governors Drive SW
6550 Comanche Trail
63 Ellis Street
Shahid Bhagat Singh Road,
204 East 43rd Street (betweenSecond AvenueandThird Avenue, inMidtown Manhattan
246 W. Willow St.
2138 Michigan Avenue
3226 Southeast Division Street (Portland, Oregon); New York City
1291Third Avenue(onEast 74th Street),Upper East Side,Manhattan
(bet. East 76th Street and East 77th Street)
1011 Northwest 16th Avenue
87-48 78th Street
In theMandarin Oriental, New Yorkhotel, on the 35th floor of 80Columbus Circle(West60th StreetatBroadway), inManhattan
Metro House,
309 Third Ave South
1431First Avenue(betweenEast 74th Streetand East 75th Street), on theUpper East SideinManhattan
1650 Broadway(at 51st Street)
2337 E. Burnside Street
108, Sarojini Devi Road
45Spring Street(on the corner ofMulberry Street), inNoLitainManhattan
129East 18th Street(corner ofIrving Place)
23East 74th Street(between 5th Avenue and Madison Avenue), on theUpper East Side, inManhattan
1303 NE Fremont Street
707 Southeast 12th Avenue
1332 North Skidmore
Gramercy Park,Manhattan
4Clinton Street(betweenHouston StreetandStanton Street), on theLower East Side
402 East 78th Street (between First Avenue and York Avenue), on theUpper East SideinManhattan
30354Mulholland Highway
400 SE 12th Ave (2008–2015)
Colaba Causeway
511 NW Couch St
66 Witherspoon St.
80Spring Street(betweenBroadwayand Crosby Street) inSoHoinManhattan
933 Kapahulu Avenue
3325 Grand Avenue
990De Maisonneuve Boulevard West
516 Main Street
1306 North Ocean Boulevard
2020ACrescent Street, 19 Ste Catherine E., 8000 Henri-Bourassa E., 1601 Daniel Johnson, 3980 St Jean Blvd.
240Central Park South(betweenBroadwayandSeventh Avenue) inManhattan
1341Third Avenue
1424Avenue J(between East 14th Street and East 15th Street)
1 Water Street
541 Amsterdam Avenue (between West 86th Street and West 87th Street),Upper West Side,Manhattan
226 Northwest Davis Street
2355 Chestnut Street
163 Duane Street (betweenGreenwich StreetandHudson Street), inTribecainManhattan
367Grand Street(and Essex Street),Lower East Side,Manhattan
39 Downing Street (between Bedford Street andVarick Street), in theWest VillageinManhattan
Midtown
1494 Second Avenue at 78th Street,Manhattan, New York City
244 Madison Avenue
625 Northwest 21st Avenue
450 Massachusetts Avenue
The Rocks,
Overseas passenger terminal,
118 East 6th Street
301 Southeast Morrison Street
24 North Main Street
1307Third Avenue(between East 74th and East 75th Street), on theUpper East SideinManhattan
333 NW 23rd Avenue
42 East20th Street(betweenBroadwayandPark AvenueS.), in theFlatiron DistrictinManhattan
8733 Southeast Division
626 SW Park Avenue
2491Notre Dame Street West
Fort
The fourth floor of theTime Warner Centerat 10Columbus Circle(at West 60th Street and Broadway) inManhattan
401 East 73rd Street (between First Avenue and York Avenue), on theUpper East SideinManhattan
4639 SE Woodstock Blvd.
3403 Milam Street
2725 Southeast Ankeny St.
1143First Avenue(between East 62nd Street and East 63rd Street), on theUpper East SideinManhattan
1220 Southwest 1st Avenue
3324 N California Ave
60 East 65th Street (betweenMadison AvenueandPark Avenue), on theUpper East SideinManhattan
392 Main Street
903Madison Avenue(betweenEast 72nd Streetand East 73rd Streets), on theUpper East Side, inManhattan
119 South Street
34 Fairmount Avenue West
7731 Woodmont Avenue (original location)
621 North Main Street
1466 N. Ashland
4120 N. Williams Avenue
20 East 76th Street (betweenFifth AvenueandMadison Avenue), inside the Surrey Hotel, on theUpper East SideinManhattan
72 West 36th Street (between Fifth Avenue and Sixth Avenue), in theGarment DistrictinManhattan
2138 SE Division St (2000–2008)
837 SW 11th Avenue
251 East 82nd Street (betweenSecond AvenueandThird Avenue), on theUpper East SideinManhattan